基金代码,基金简称,类型,机构持有比例,个人持有比例,资产规模,原始摘要,小类,年化收益率,年化波动率,夏普比率,Beta,Alpha,数据起止,交易日数,计算状态
511010,国泰上证5年期国债E,指数型,67.66%,32.34%,30.21 亿,截至2025-06-30，国泰上证5年期国债ETF 的基金机构持有0.14亿份，占总份额的67.66%，个人投资者持有0.07亿份，占总份额的32.34%,债券,0.029681883417469912,0.02541892950623593,0.18418885092392745,-0.012692364069050999,0.030863923423754658,2013-04-10 至 2025-02-28,2889.0,成功
511260,国泰上证10年期国债,指数型,90.52%,9.48%,165.56 亿,截至2025-06-30，国泰上证10年期国债ETF 的基金机构持有0.94亿份，占总份额的90.52%，个人投资者持有0.10亿份，占总份额的9.48%,债券,0.04305244453005841,0.02816540717467831,0.6409438506640227,-0.03397819288906348,0.04499446067062429,2017-08-25 至 2025-02-28,1820.0,成功
511270,海富通上证10年期地,指数型,88.35%,11.65%,37.56 亿,截至2025-06-30，海富通上证10年期地方政府债ETF 的基金机构持有0.18亿份，占总份额的88.35%，个人投资者持有0.02亿份，占总份额的11.65%,债券,0.02418258480109281,0.031087041667143097,-0.026294402911009183,-0.0354564909613072,0.026272230735603364,2018-11-23 至 2025-02-28,1514.0,成功
159972,鹏华中证5年地债ET,指数型,98.72%,1.28%,37.61 亿,截至2025-06-30，鹏华中证5年地债ETF 的基金机构持有0.35亿份，占总份额的98.72%，个人投资者持有0.00亿份，占总份额的1.28%,债券,0.02715468764400497,0.03106393889600998,0.06936298874453843,-0.009549143472288649,0.02785248371432303,2019-11-11 至 2025-02-28,1280.0,成功
511020,平安中证5-10年国,指数型,91.14%,8.86%,20.05 亿,截至2025-06-30，平安中证5-10年国债活跃券ETF 的基金机构持有0.12亿份，占总份额的91.14%，个人投资者持有0.01亿份，占总份额的8.86%,债券,0.028477266315537042,0.034792844095562825,0.09994199686539856,-0.03080028751771757,0.0301734653879302,2019-02-25 至 2025-02-28,1363.0,成功
511520,富国中债7-10年政,指数型,96.35%,3.65%,407.05 亿,截至2025-06-30，富国中债7-10年政策性金融债ETF 的基金机构持有4.33亿份，占总份额的96.35%，个人投资者持有0.16亿份，占总份额的3.65%,债券,0.05971310076860825,0.023650454394647615,1.4677561872326752,-0.038071888498626145,0.06206521974406898,2022-10-26 至 2025-02-28,568.0,成功
511090,鹏扬中债-30年期国,指数型,68.83%,31.17%,245.82 亿,截至2025-06-30，鹏扬中债-30年期国债ETF 的基金机构持有0.89亿份，占总份额的68.83%，个人投资者持有0.40亿份，占总份额的31.17%,债券,0.13286040643132213,0.07274624116694332,1.4826938780767558,-0.11547886337345113,0.14086140695781424,2023-06-14 至 2025-02-28,413.0,成功
159816,鹏华0-4年地方政府,指数型,99.01%,0.99%,120.17 亿,截至2025-06-30，鹏华0-4年地方政府债ETF 的基金机构持有0.17亿份，占总份额的99.01%，个人投资者持有0.00亿份，占总份额的0.99%,债券,0.03633633964908256,0.02544482782523536,0.44552628640070985,-0.003639229520392016,0.030028764570598998,2020-09-07 至 2025-02-28,1077.0,成功
511360,海富通中证短融ETF,指数型,65.91%,34.09%,702.23 亿,截至2025-06-30，海富通中证短融ETF 的基金机构持有2.88亿份，占总份额的65.91%，个人投资者持有1.49亿份，占总份额的34.09%,债券,0.024972223151393136,0.007860685662988809,-0.003533641949028673,-0.0008086733562612115,0.02492127697857538,2020-09-28 至 2025-02-28,1068.0,成功
159649,华安中债1-5年国开,指数型,94.81%,5.19%,27.40 亿,截至2025-06-30，华安中债1-5年国开债ETF 的基金机构持有0.37亿份，占总份额的94.81%，个人投资者持有0.02亿份，占总份额的5.19%,债券,0.029680635993498905,0.010157774431587429,0.4607934567776602,-0.013375860564868855,0.03028315703148432,2022-10-25 至 2025-02-28,569.0,成功
511580,招商中证国债及政策性,指数型,89.74%,10.26%,56.07 亿,截至2025-06-30，招商中证国债及政策性金融债0-3年ETF 的基金机构持有0.03亿份，占总份额的89.74%，个人投资者持有0.00亿份，占总份额的10.26%,债券,0.03488213952728558,0.01083711022611544,0.9118795805427397,-0.011824609488908398,0.03524585296570115,2022-12-15 至 2025-02-28,526.0,成功
511100,华夏上证基准做市国债,指数型,81.37%,18.63%,114.50 亿,截至2025-06-30，华夏上证基准做市国债ETF 的基金机构持有0.03亿份，占总份额的81.37%，个人投资者持有0.01亿份，占总份额的18.63%,债券,0.07264919713320328,0.024790099975519935,1.9221058882479924,-0.03561857932962045,0.08006197644008561,2023-12-26 至 2025-02-28,282.0,成功
159650,博时中债0-3年国开,指数型,76.71%,8.09%,42.33 亿,截至2025-06-30，博时中债0-3年国开行ETF 的基金机构持有0.24亿份，占总份额的76.71%，个人投资者持有0.03亿份，占总份额的8.09%,债券,0.025513608053105985,0.006642090108427787,0.07732627000261473,-0.006618186579299885,0.025964774205686103,2022-10-31 至 2025-02-28,565.0,成功
159651,平安中债-0-3年国,指数型,89.78%,10.22%,6.95 亿,截至2025-06-30，平安中债-0-3年国开行债券ETF 的基金机构持有0.09亿份，占总份额的89.78%，个人投资者持有0.01亿份，占总份额的10.22%,债券,0.026038687325013132,0.007092277614443628,0.1464532808047184,-0.00568856388055083,0.027142917288053958,2022-11-17 至 2025-02-28,552.0,成功
511030,平安中债债利差因子E,指数型,99.48%,0.52%,337.20 亿,截至2025-06-30，平安中债债利差因子ETF 的基金机构持有2.05亿份，占总份额的99.48%，个人投资者持有0.01亿份，占总份额的0.52%,债券,-0.3347497234916589,0.38396310099753317,-0.9369382697374615,0.03720508507316235,-0.14418618099559777,2019-03-25 至 2025-02-28,1394.0,成功
511060,海富通上证5年期地方,指数型,95.01%,4.99%,13.90 亿,截至2025-06-30，海富通上证5年期地方政府债ETF 的基金机构持有0.08亿份，占总份额的95.01%，个人投资者持有0.00亿份，占总份额的4.99%,债券,0.012875974644060317,0.024665291692353163,-0.491541941087136,-0.015751846065302316,0.013377866674521677,2019-12-13 至 2025-02-28,1255.0,成功
511130,博时上证30年期国债,指数型,80.24%,19.76%,142.39 亿,截至2025-06-30，博时上证30年期国债ETF 的基金机构持有0.52亿份，占总份额的80.24%，个人投资者持有0.13亿份，占总份额的19.76%,债券,0.1430788452051559,0.08138968678230478,1.4507838753696722,-0.13635734538806846,0.1706327649227013,2024-03-29 至 2025-02-28,221.0,成功
159395,大成深证基准做市信用,指数型,99.77%,0.23%,117.10 亿,截至2025-06-30，大成深证基准做市信用债ETF 的基金机构持有1.18亿份，占总份额的99.77%，个人投资者持有0.00亿份，占总份额的0.23%,债券,,,,,,,,数据不足
159396,博时深证基准做市信用,指数型,99.55%,0.45%,103.82 亿,截至2025-06-30，博时深证基准做市信用债ETF 的基金机构持有1.21亿份，占总份额的99.55%，个人投资者持有0.01亿份，占总份额的0.45%,债券,,,,,,,,数据不足
159397,广发深证基准做市信用,指数型,99.86%,0.14%,130.10 亿,截至2025-06-30，广发深证基准做市信用债ETF 的基金机构持有1.39亿份，占总份额的99.86%，个人投资者持有0.00亿份，占总份额的0.14%,债券,,,,,,,,数据不足
511200,华夏上证基准做市公司,指数型,99.70%,0.30%,172.49 亿,截至2025-06-30，华夏上证基准做市公司债ETF 的基金机构持有2.13亿份，占总份额的99.70%，个人投资者持有0.01亿份，占总份额的0.30%,债券,,,,,,,,数据不足
511110,易方达上证基准做市公,指数型,99.68%,0.32%,245.93 亿,截至2025-06-30，易方达上证基准做市公司债ETF 的基金机构持有2.10亿份，占总份额的99.68%，个人投资者持有0.01亿份，占总份额的0.32%,债券,,,,,,,,数据不足
511160,国债ETF东财,指数型,97.39%,2.61%,62.77 亿,截至2025-06-30，国债ETF东财 的基金机构持有0.80亿份，占总份额的97.39%，个人投资者持有0.02亿份，占总份额的2.61%,债券,-0.04523002995541481,0.009365475821625129,-7.498821340529418,0.007579981346976767,-0.04540960524281157,2025-01-07 至 2025-02-28,33.0,成功
511070,南方上证基准做市公司,指数型,99.81%,0.19%,259.58 亿,截至2025-06-30，南方上证基准做市公司债ETF 的基金机构持有2.14亿份，占总份额的99.81%，个人投资者持有0.00亿份，占总份额的0.19%,债券,,,,,,,,数据不足
159398,天弘深证基准做市信用,指数型,99.92%,0.08%,124.58 亿,截至2025-06-30，天弘深证基准做市信用债ETF 的基金机构持有1.16亿份，占总份额的99.92%，个人投资者持有0.00亿份，占总份额的0.08%,债券,,,,,,,,数据不足
511190,海富通上证基准做市公,指数型,99.22%,0.78%,120.58 亿,截至2025-06-30，海富通上证基准做市公司债ETF 的基金机构持有1.34亿份，占总份额的99.22%，个人投资者持有0.01亿份，占总份额的0.78%,债券,,,,,,,,数据不足
159110,万家深证AAA科技创,指数型,93.73%,6.27%,21.87 亿,截至2025-09-17，万家深证AAA科技创新公司债ETF 的基金机构持有19.93亿份，占总份额的93.73%，个人投资者持有1.33亿份，占总份额的6.27%,债券,,,,,,,,数据不足
551510,科创债ETF华泰柏瑞,指数型,99.85%,0.15%,108.65 亿,截至2025-09-17，科创债ETF华泰柏瑞 的基金机构持有0.30亿份，占总份额的99.85%，个人投资者持有0.00亿份，占总份额的0.15%,债券,,,,,,,,数据不足
511150,科创债ETF永赢,指数型,99.83%,0.17%,37.76 亿,截至2025-09-17，科创债ETF永赢 的基金机构持有29.48亿份，占总份额的99.83%，个人投资者持有0.05亿份，占总份额的0.17%,债券,,,,,,,,数据不足
159400,景顺长城深证AAA科,指数型,96.13%,3.87%,50.03 亿,截至2025-07-10，景顺长城深证AAA科技创新公司债ETF 的基金机构持有22.11亿份，占总份额的96.13%，个人投资者持有0.89亿份，占总份额的3.87%,债券,,,,,,,,数据不足
551580,泰康中证AAA科技创,指数型,99.86%,0.14%,126.05 亿,截至2025-09-17，泰康中证AAA科技创新公司债ETF 的基金机构持有29.64亿份，占总份额的99.86%，个人投资者持有0.04亿份，占总份额的0.14%,债券,,,,,,,,数据不足
159116,科创债ETF工银,指数型,98.43%,1.57%,110.78 亿,截至2025-09-17，科创债ETF工银 的基金机构持有29.26亿份，占总份额的98.43%，个人投资者持有0.47亿份，占总份额的1.57%,债券,,,,,,,,数据不足
159111,天弘中证AAA科技创,指数型,99.71%,0.29%,108.22 亿,截至2025-09-17，天弘中证AAA科技创新公司债ETF 的基金机构持有29.81亿份，占总份额的99.71%，个人投资者持有0.09亿份，占总份额的0.29%,债券,,,,,,,,数据不足
551500,易方达中证AAA科技,指数型,97.17%,2.83%,130.50 亿,截至2025-07-10，易方达中证AAA科技创新公司债ETF 的基金机构持有27.42亿份，占总份额的97.17%，个人投资者持有0.80亿份，占总份额的2.83%,债券,,,,,,,,数据不足
551800,国泰中证AAA科技创,指数型,99.63%,0.37%,149.08 亿,截至2025-09-17，国泰中证AAA科技创新公司债ETF 的基金机构持有29.75亿份，占总份额的99.63%，个人投资者持有0.11亿份，占总份额的0.37%,债券,,,,,,,,数据不足
551300,摩根上证AAA科技创,指数型,70.18%,29.82%,67.42 亿,截至2025-09-17，摩根上证AAA科技创新公司债ETF 的基金机构持有20.91亿份，占总份额的70.18%，个人投资者持有8.89亿份，占总份额的29.82%,债券,,,,,,,,数据不足
159112,科创债ETF银华,指数型,99.79%,0.21%,291.66 亿,截至2025-09-17，科创债ETF银华 的基金机构持有29.93亿份，占总份额的99.79%，个人投资者持有0.06亿份，占总份额的0.21%,债券,,,,,,,,数据不足
159113,大成中证AAA科技创,指数型,98.20%,1.80%,123.94 亿,截至2025-09-17，大成中证AAA科技创新公司债ETF 的基金机构持有28.61亿份，占总份额的98.20%，个人投资者持有0.52亿份，占总份额的1.80%,债券,,,,,,,,数据不足
159115,华安中证AAA科技创,指数型,99.79%,0.21%,51.03 亿,截至2025-09-17，华安中证AAA科技创新公司债ETF 的基金机构持有29.50亿份，占总份额的99.79%，个人投资者持有0.06亿份，占总份额的0.21%,债券,,,,,,,,数据不足
159200,富国中证AAA科技创,指数型,59.76%,40.24%,246.59 亿,截至2025-07-10，富国中证AAA科技创新公司债ETF 的基金机构持有17.93亿份，占总份额的59.76%，个人投资者持有12.07亿份，占总份额的40.24%,债券,,,,,,,,数据不足
551060,中银上证AAA科创债,指数型,99.83%,0.17%,100.64 亿,截至2025-09-17，中银上证AAA科创债ETF 的基金机构持有0.30亿份，占总份额的99.83%，个人投资者持有0.00亿份，占总份额的0.17%,债券,,,,,,,,数据不足
551560,兴业中证AAA科技创,指数型,99.71%,0.29%,174.20 亿,截至2025-09-17，兴业中证AAA科技创新公司债ETF 的基金机构持有29.91亿份，占总份额的99.71%，个人投资者持有0.09亿份，占总份额的0.29%,债券,,,,,,,,数据不足
551000,博时上证AAA科创债,指数型,90.66%,9.34%,107.48 亿,截至2025-07-10，博时上证AAA科创债ETF 的基金机构持有0.27亿份，占总份额的90.66%，个人投资者持有0.03亿份，占总份额的9.34%,债券,,,,,,,,数据不足
511120,广发上证AAA科技创,指数型,99.06%,0.94%,110.56 亿,截至2025-07-10，广发上证AAA科技创新公司债ETF 的基金机构持有0.29亿份，占总份额的99.06%，个人投资者持有0.00亿份，占总份额的0.94%,债券,,,,,,,,数据不足
551550,华夏中证AAA科技创,指数型,98.62%,1.38%,151.43 亿,截至2025-07-10，华夏中证AAA科技创新公司债ETF 的基金机构持有29.20亿份，占总份额的98.62%，个人投资者持有0.41亿份，占总份额的1.38%,债券,,,,,,,,数据不足
551900,招商中证AAA科技创,指数型,93.27%,6.73%,240.38 亿,截至2025-07-10，招商中证AAA科技创新公司债ETF 的基金机构持有0.28亿份，占总份额的93.27%，个人投资者持有0.02亿份，占总份额的6.73%,债券,,,,,,,,数据不足
159600,嘉实中证AAA科技创,指数型,97.71%,2.29%,436.73 亿,截至2025-07-10，嘉实中证AAA科技创新公司债ETF 的基金机构持有28.91亿份，占总份额的97.71%，个人投资者持有0.68亿份，占总份额的2.29%,债券,,,,,,,,数据不足
159700,南方中证AAA科技创,指数型,99.61%,0.39%,115.02 亿,截至2025-07-10，南方中证AAA科技创新公司债ETF 的基金机构持有29.81亿份，占总份额的99.61%，个人投资者持有0.12亿份，占总份额的0.39%,债券,,,,,,,,数据不足
511380,博时可转债ETF,指数型,98.43%,1.57%,518.82 亿,截至2025-06-30，博时可转债ETF 的基金机构持有29.30亿份，占总份额的98.43%，个人投资者持有0.47亿份，占总份额的1.57%,债券,0.04039059607568585,0.09319636106301064,0.16514159887938293,0.3679038698409471,0.03623263955673117,2020-04-08 至 2025-02-28,1186.0,成功
511180,海富通上证投资级可转,指数型,98.86%,1.14%,91.07 亿,截至2025-06-30，海富通上证投资级可转债ETF 的基金机构持有5.20亿份，占总份额的98.86%，个人投资者持有0.06亿份，占总份额的1.14%,债券,0.03254654907895427,0.06657420273254526,0.113355455554935,0.27033473848883594,0.04131873469339786,2020-08-27 至 2025-02-28,1090.0,成功
518680,富国上海金ETF,指数型,86.28%,13.72%,58.93 亿,截至2025-06-30，富国上海金ETF 的基金机构持有3.11亿份，占总份额的86.28%，个人投资者持有0.49亿份，占总份额的13.72%,黄金,0.09745601965806383,0.12723619776785552,0.5694607425338267,0.031152099746279797,0.10794594124867873,2020-07-29 至 2025-02-28,1111.0,成功
159934,易方达黄金ETF,指数型,83.19%,16.81%,355.07 亿,截至2025-06-30，易方达黄金ETF 的基金机构持有29.60亿份，占总份额的83.19%，个人投资者持有5.98亿份，占总份额的16.81%,黄金,0.09324496421789163,0.12932770250823297,0.5276902233189148,0.0011964210856563462,0.10341961144840761,2013-12-17 至 2025-02-28,2723.0,成功
159834,金ETF,指数型,10.18%,6.63%,13.49 亿,截至2025-06-30，金ETF 的基金机构持有0.13亿份，占总份额的10.18%，个人投资者持有0.08亿份，占总份额的6.63%,黄金,0.1978504445381244,0.11265503283948118,1.534333976755516,-0.0010242720775000631,0.20969368359596774,2022-03-17 至 2025-02-28,715.0,成功
518600,广发上海金ETF,指数型,87.57%,12.43%,49.52 亿,截至2025-06-30，广发上海金ETF 的基金机构持有2.32亿份，占总份额的87.57%，个人投资者持有0.33亿份，占总份额的12.43%,黄金,0.08615420479214864,0.13129442389707308,0.46577914717909,0.02174841418065894,0.09827069646473174,2020-08-06 至 2025-02-28,1105.0,成功
159831,嘉实上海金ETF,指数型,93.76%,6.24%,14.68 亿,截至2025-06-30，嘉实上海金ETF 的基金机构持有0.86亿份，占总份额的93.76%，个人投资者持有0.06亿份，占总份额的6.24%,黄金,0.1961421347251917,0.11448377815712225,1.494902924065881,-0.002930334300061173,0.205588678438396,2022-04-08 至 2025-02-28,701.0,成功
518860,建信上海金ETF,指数型,96.55%,3.45%,35.44 亿,截至2025-06-30，建信上海金ETF 的基金机构持有2.72亿份，占总份额的96.55%，个人投资者持有0.10亿份，占总份额的3.45%,黄金,0.11105220460469556,0.13889421499811308,0.6195521145777354,0.01665694037692965,0.12205024932406938,2020-09-08 至 2025-02-28,1076.0,成功
518890,中银上海金ETF,指数型,98.57%,1.43%,28.81 亿,截至2025-06-30，中银上海金ETF 的基金机构持有2.66亿份，占总份额的98.57%，个人投资者持有0.04亿份，占总份额的1.43%,黄金,0.11656802140634914,0.1252797610440428,0.7309083338222357,0.009973594431456971,0.12912390558210318,2020-09-29 至 2025-02-28,1067.0,成功
518660,工银瑞信黄金ETF,指数型,79.19%,20.81%,66.06 亿,截至2025-06-30，工银瑞信黄金ETF 的基金机构持有3.79亿份，占总份额的79.19%，个人投资者持有1.00亿份，占总份额的20.81%,黄金,0.1125884222707314,0.12739285942768663,0.6875457750475422,0.027693741041399853,0.12319853371177847,2020-06-01 至 2025-02-28,1151.0,成功
518880,华安黄金ETF,指数型,64.70%,35.30%,939.85 亿,截至2025-06-30，华安黄金ETF 的基金机构持有52.82亿份，占总份额的64.70%，个人投资者持有28.82亿份，占总份额的35.30%,黄金,0.08291217547775953,0.12931874116388745,0.44782507899892576,0.002711681482375644,0.09251431779189834,2013-07-30 至 2025-02-28,2816.0,成功
159937,博时黄金ETF,指数型,9.05%,5.32%,403.17 亿,截至2025-06-30，博时黄金ETF 的基金机构持有3.45亿份，占总份额的9.05%，个人投资者持有2.03亿份，占总份额的5.32%,黄金,0.10513969875648854,0.13198784266248065,0.6071748514097758,-0.0008236880971297047,0.11441272887774945,2015-01-09 至 2025-02-28,2463.0,成功
159812,前海开源黄金ETF,指数型,93.71%,6.29%,13.64 亿,截至2025-06-30，前海开源黄金ETF 的基金机构持有1.44亿份，占总份额的93.71%，个人投资者持有0.10亿份，占总份额的6.29%,黄金,0.11239381297009676,0.12690605763288734,0.688649656290709,0.03224520360182078,0.1232680256376435,2020-06-01 至 2025-02-28,1151.0,成功
511220,海富通上证城投债ET,指数型,97.27%,2.73%,285.10 亿,截至2025-06-30，海富通上证城投债ETF 的基金机构持有19.93亿份，占总份额的97.27%，个人投资者持有0.56亿份，占总份额的2.73%,债券,-0.20259438004024433,0.2898811642569301,-0.7851299363435729,-0.033853070756842386,-0.07763585785970228,2014-12-17 至 2025-02-28,2472.0,成功
510530,工银中证500ETF,指数型,96.86%,3.14%,3.77 亿,截至2025-06-30，工银中证500ETF 的基金机构持有0.60亿份，占总份额的96.86%，个人投资者持有0.02亿份，占总份额的3.14%,中证500,0.02754710121531012,0.21684889000944524,0.011745973037718462,0.9383197603064662,0.048143916641073536,2020-01-06 至 2025-02-28,1246.0,成功
510590,平安中证500ETF,指数型,95.61%,4.39%,11.04 亿,截至2025-06-30，平安中证500ETF 的基金机构持有0.85亿份，占总份额的95.61%，个人投资者持有0.04亿份，占总份额的4.39%,中证500,0.0006058157628183736,0.2274658881118942,-0.10724326376877104,0.9568549411898544,0.005763492672177906,2018-05-07 至 2025-02-28,1655.0,成功
510500,南方中证500ETF,指数型,83.21%,9.68%,1446.90 亿,截至2025-06-30，南方中证500ETF 的基金机构持有158.19亿份，占总份额的83.21%，个人投资者持有18.41亿份，占总份额的9.68%,中证500,0.17085372205888727,0.7796413102764858,0.18707798077960092,0.9564478448322474,0.27507388616240647,2013-03-18 至 2025-02-28,2902.0,成功
515660,国联安沪深300ET,指数型,99.43%,0.57%,35.48 亿,截至2025-06-30，国联安沪深300ETF 的基金机构持有8.85亿份，占总份额的99.43%，个人投资者持有0.05亿份，占总份额的0.57%,沪深300,0.03843739504534116,0.1918002750721056,0.07005931060468756,0.8479668993429633,0.040660169441338656,2019-12-25 至 2025-02-28,1253.0,成功
515380,泰康沪深300ETF,指数型,95.96%,4.04%,36.38 亿,截至2025-06-30，泰康沪深300ETF 的基金机构持有7.37亿份，占总份额的95.96%，个人投资者持有0.31亿份，占总份额的4.04%,沪深300,0.04104017632915191,0.1922634743977666,0.08342809979584058,1.0082466866822195,0.026280603757966592,2020-03-24 至 2025-02-28,1196.0,成功
159916,建信深证基本面60E,指数型,96.79%,3.21%,2.68 亿,截至2025-06-30，建信深证基本面60ETF 的基金机构持有0.73亿份，占总份额的96.79%，个人投资者持有0.02亿份，占总份额的3.21%,策略,0.0842669624005501,0.31007066262570754,0.1911401804307182,0.7941537978253665,0.07554561107531677,2011-10-25 至 2025-02-28,3080.0,成功
510390,平安沪深300ETF,指数型,91.70%,8.30%,4.97 亿,截至2025-06-30，平安沪深300ETF 的基金机构持有1.18亿份，占总份额的91.70%，个人投资者持有0.11亿份，占总份额的8.30%,沪深300,-0.0017567834803187132,0.20228558670839533,-0.1322723181404414,0.9867589844311548,0.013483478097707113,2018-01-29 至 2025-02-28,1716.0,成功
159300,富国沪深300ETF,指数型,70.90%,29.10%,12.07 亿,截至2025-06-30，富国沪深300ETF 的基金机构持有3.06亿份，占总份额的70.90%，个人投资者持有1.25亿份，占总份额的29.10%,沪深300,6.184490950467321,3.062589365303154,2.011203663230123,0.7000079785583206,39.977367727490076,2024-06-06 至 2025-02-28,177.0,成功
159919,嘉实沪深300ETF,指数型,96.53%,3.47%,1971.24 亿,截至2025-06-30，嘉实沪深300ETF 的基金机构持有398.08亿份，占总份额的96.53%，个人投资者持有14.33亿份，占总份额的3.47%,沪深300,0.12189818329296043,0.5094097291290363,0.19021659334742622,0.9742295007272616,0.1518947006578839,2012-05-29 至 2025-02-28,3097.0,成功
510350,工银瑞信沪深300E,指数型,96.92%,3.08%,40.75 亿,截至2025-06-30，工银瑞信沪深300ETF 的基金机构持有8.61亿份，占总份额的96.92%，个人投资者持有0.27亿份，占总份额的3.08%,沪深300,0.008075355113326133,0.19274261713199856,-0.0878095625062678,0.9773595804150651,0.0041792360520997995,2019-08-19 至 2025-02-28,1339.0,成功
510330,华夏沪深300ETF,指数型,93.09%,1.08%,2286.56 亿,截至2025-06-30，华夏沪深300ETF 的基金机构持有446.50亿份，占总份额的93.09%，个人投资者持有5.17亿份，占总份额的1.08%,沪深300,0.03976410275690978,0.22450321625622086,0.065763435389094,0.9960984975225579,0.004324105245532506,2013-01-17 至 2025-02-28,2941.0,成功
159393,万家沪深300ETF,指数型,62.70%,37.30%,3.73 亿,截至2025-06-30，万家沪深300ETF 的基金机构持有0.29亿份，占总份额的62.70%，个人投资者持有0.17亿份，占总份额的37.30%,沪深300,,,,,,,,数据不足
159925,南方沪深300ETF,指数型,19.64%,14.08%,27.42 亿,截至2025-06-30，南方沪深300ETF 的基金机构持有1.76亿份，占总份额的19.64%，个人投资者持有1.26亿份，占总份额的14.08%,沪深300,0.13313429214694295,0.36069412550578317,0.2997949911030896,0.9453182637261255,0.1210951596193337,2013-04-12 至 2025-02-28,2885.0,成功
510300,华泰柏瑞沪深300E,指数型,87.10%,12.20%,4222.58 亿,截至2025-06-30，华泰柏瑞沪深300ETF 的基金机构持有819.14亿份，占总份额的87.10%，个人投资者持有114.76亿份，占总份额的12.20%,沪深300,0.034112016990213156,0.22750596866328696,0.04005177114143809,1.0208636375242919,0.0034385751158942934,2012-05-29 至 2025-02-28,3099.0,成功
512500,华夏中证500ETF,指数型,80.57%,5.64%,180.85 亿,截至2025-06-30，华夏中证500ETF 的基金机构持有32.37亿份，占总份额的80.57%，个人投资者持有2.27亿份，占总份额的5.64%,中证500,-0.013472305791740524,0.23005932746521626,-0.16722775909860613,0.9311372913635574,-0.006434281554498544,2015-08-05 至 2025-02-28,2323.0,成功
510310,易方达沪深300发起,指数型,96.79%,3.21%,3002.20 亿,截至2025-06-30，易方达沪深300发起式ETF 的基金机构持有662.29亿份，占总份额的96.79%，个人投资者持有21.96亿份，占总份额的3.21%,沪深300,0.12421055154190075,0.3743124866434166,0.26504740045290626,0.997438699032798,0.11649820933610688,2013-03-26 至 2025-02-28,2898.0,成功
510580,易方达中证500ET,指数型,82.70%,17.30%,29.09 亿,截至2025-06-30，易方达中证500ETF 的基金机构持有7.89亿份，占总份额的82.70%，个人投资者持有1.65亿份，占总份额的17.30%,中证500,-0.06728414629253443,1.0656216044130447,-0.08660123435031658,0.6304908575395833,0.29337970507493405,2015-09-15 至 2025-02-28,2257.0,成功
510180,华安上证180ETF,指数型,96.57%,3.43%,232.67 亿,截至2025-06-30，华安上证180ETF 的基金机构持有55.59亿份，占总份额的96.57%，个人投资者持有1.97亿份，占总份额的3.43%,上证180,0.007630374725025479,0.7507561367650294,-0.02313617488339072,0.989719673302579,0.1174877083807655,2006-05-19 至 2025-02-28,4563.0,成功
510850,工银瑞信上证50ET,指数型,85.39%,14.61%,3.75 亿,截至2025-06-30，工银瑞信上证50ETF 的基金机构持有0.60亿份，占总份额的85.39%，个人投资者持有0.10亿份，占总份额的14.61%,上证50ETF,0.01651667424685499,0.19380452139873794,-0.04377258947272556,0.9334226145262347,0.01324514246232944,2019-03-07 至 2025-02-28,1451.0,成功
159633,易方达中证1000E,指数型,60.88%,39.12%,15.43 亿,截至2025-06-30，易方达中证1000ETF 的基金机构持有4.18亿份，占总份额的60.88%，个人投资者持有2.69亿份，占总份额的39.12%,中证1000,0.46587787400101877,0.7963049857073962,0.5536545443193045,1.001478537806662,0.8214144529664389,2022-08-05 至 2025-02-28,620.0,成功
159901,易方达深证100ET,指数型,67.40%,32.60%,70.61 亿,截至2025-06-30，易方达深证100ETF 的基金机构持有15.82亿份，占总份额的67.40%，个人投资者持有7.65亿份，占总份额的32.60%,深证100,0.051847702895739145,1.0300060576630587,0.026065577669176887,1.1198430425006891,0.19018428625112027,2006-04-25 至 2025-02-28,4577.0,成功
159845,华夏中证1000ET,指数型,97.69%,1.84%,499.08 亿,截至2025-06-30，华夏中证1000ETF 的基金机构持有143.16亿份，占总份额的97.69%，个人投资者持有2.69亿份，占总份额的1.84%,中证1000,0.44583854340139295,0.9607067658462067,0.4380509832578427,0.7697349822993096,0.9217372913042545,2021-04-01 至 2025-02-28,947.0,成功
560010,广发中证1000ET,指数型,97.69%,2.31%,358.72 亿,截至2025-06-30，广发中证1000ETF 的基金机构持有115.24亿份，占总份额的97.69%，个人投资者持有2.72亿份，占总份额的2.31%,中证1000,0.4653860706377657,1.1705781212001385,0.37621245661610236,0.8376450309141086,1.0921357379271193,2022-08-05 至 2025-02-28,619.0,成功
159629,富国中证1000ET,指数型,94.54%,5.46%,132.77 亿,截至2025-06-30，富国中证1000ETF 的基金机构持有43.39亿份，占总份额的94.54%，个人投资者持有2.51亿份，占总份额的5.46%,中证1000,0.47525170663693994,0.7866673012969964,0.5723534026323449,1.1383948839834692,0.8094834068116485,2022-08-04 至 2025-02-28,621.0,成功
159922,嘉实中证500ETF,指数型,91.70%,8.30%,156.15 亿,截至2025-06-30，嘉实中证500ETF 的基金机构持有43.75亿份，占总份额的91.70%，个人投资者持有3.96亿份，占总份额的8.30%,中证500,-0.0317511544567719,0.31609743719165473,-0.1795369015357211,0.9272812107086187,-0.02538007825998201,2013-03-18 至 2025-02-28,2904.0,成功
513310,华泰柏瑞中韩半导体E,指数型,51.20%,38.46%,36.71 亿,截至2025-06-30，华泰柏瑞中韩半导体ETF(QDII) 的基金机构持有1.72亿份，占总份额的51.20%，个人投资者持有1.29亿份，占总份额的38.46%,半导体,0.25973519386790156,0.26528343794516057,0.8848467725166698,0.9254648861731484,0.26040345250969654,2022-12-23 至 2025-02-28,526.0,成功
512100,南方中证1000ET,指数型,93.15%,5.51%,789.96 亿,截至2025-06-30，南方中证1000ETF 的基金机构持有236.08亿份，占总份额的93.15%，个人投资者持有13.97亿份，占总份额的5.51%,中证1000,0.12212148734503736,0.6689860177144634,0.14517715583480365,0.9755593306287027,0.22391806710293038,2016-11-07 至 2025-02-28,2018.0,成功
159915,易方达创业板ETF,指数型,65.95%,34.05%,1004.46 亿,截至2025-06-30，易方达创业板ETF 的基金机构持有264.64亿份，占总份额的65.95%，个人投资者持有136.62亿份，占总份额的34.05%,创业板,0.08097502524030697,0.33472368974478905,0.16722755799861455,1.1438730148239475,0.06984258200425075,2011-12-12 至 2025-02-28,3207.0,成功
513660,华夏沪港通恒生ETF,指数型,41.85%,8.75%,46.37 亿,截至2025-06-30，华夏沪港通恒生ETF 的基金机构持有5.93亿份，占总份额的41.85%，个人投资者持有1.24亿份，占总份额的8.75%,国际,0.03874322442985645,0.2035324208243837,0.06752351480020315,0.5700274190262417,0.04144771437408745,2015-01-27 至 2025-02-28,2448.0,成功
510050,华夏上证50ETF,指数型,88.69%,10.22%,1759.22 亿,截至2025-06-30，华夏上证50ETF 的基金机构持有522.87亿份，占总份额的88.69%，个人投资者持有60.23亿份，占总份额的10.22%,上证50ETF,0.060154257823114454,0.25893166236624876,0.13576654744289296,0.9563573659025091,-0.004572688747241593,2005-02-24 至 2025-02-28,4864.0,成功
510100,易方达上证50ETF,指数型,90.38%,9.62%,47.60 亿,截至2025-06-30，易方达上证50ETF 的基金机构持有14.43亿份，占总份额的90.38%，个人投资者持有1.54亿份，占总份额的9.62%,上证50ETF,0.05294821986747178,0.20758551136228237,0.13463473285809427,0.920918748068123,0.05487281841606073,2019-10-10 至 2025-02-28,1306.0,成功
159562,华夏中证沪深港黄金产,指数型,58.32%,29.40%,30.33 亿,截至2025-06-30，华夏中证沪深港黄金产业股票ETF 的基金机构持有2.18亿份，占总份额的58.32%，个人投资者持有1.10亿份，占总份额的29.40%,黄金,0.27255337741177366,0.37732857494915745,0.6560684608769157,0.6535414086448248,0.2191286346351231,2024-01-23 至 2025-02-28,263.0,成功
510510,广发中证500ETF,指数型,86.14%,13.86%,20.96 亿,截至2025-06-30，广发中证500ETF 的基金机构持有9.00亿份，占总份额的86.14%，个人投资者持有1.45亿份，占总份额的13.86%,中证500,0.047831708485248425,0.2601568643971303,0.08776131484424622,0.992718080455787,0.023007846717005176,2013-05-27 至 2025-02-28,2859.0,成功
517520,永赢中证沪深港黄金产,指数型,89.02%,10.98%,125.50 亿,截至2025-06-30，永赢中证沪深港黄金产业股票ETF 的基金机构持有28.64亿份，占总份额的89.02%，个人投资者持有3.53亿份，占总份额的10.98%,黄金,0.11444212750811555,0.30288160018191007,0.2953039321450917,0.6207453211156504,0.10271401553861281,2023-11-02 至 2025-02-28,320.0,成功
588290,华安上证科创板芯片E,指数型,65.66%,34.34%,35.82 亿,截至2025-06-30，华安上证科创板芯片ETF 的基金机构持有10.78亿份，占总份额的65.66%，个人投资者持有5.64亿份，占总份额的34.34%,芯片,0.19612757471283082,0.4070312043497793,0.4204286376180967,1.4093759687492902,0.22948310169889918,2022-10-27 至 2025-02-28,567.0,成功
159910,嘉实深证基本面120,指数型,93.97%,6.03%,2.79 亿,截至2025-06-30，嘉实深证基本面120ETF 的基金机构持有1.31亿份，占总份额的93.97%，个人投资者持有0.08亿份，占总份额的6.03%,策略,0.06621864445214065,0.26885016473748913,0.15331455903100297,0.8781390484235132,0.03867067778589406,2011-09-28 至 2025-02-28,3182.0,成功
159695,嘉实国证通信ETF,指数型,72.31%,27.69%,3.56 亿,截至2025-06-30，嘉实国证通信ETF 的基金机构持有0.61亿份，占总份额的72.31%，个人投资者持有0.23亿份，占总份额的27.69%,通信,0.14225515187647142,0.3110706479087091,0.3769405846059853,1.2328366097937764,0.18998476074865533,2023-05-11 至 2025-02-28,437.0,成功
159880,鹏华国证有色金属行业,指数型,50.61%,49.39%,8.83 亿,截至2025-06-30，鹏华国证有色金属行业ETF 的基金机构持有0.42亿份，占总份额的50.61%，个人投资者持有0.41亿份，占总份额的49.39%,有色,0.012052282768899358,0.29368287895687845,-0.044087409102938416,0.9950826908666053,0.11461215942725445,2021-03-26 至 2025-02-28,951.0,成功
561330,国泰中证有色金属矿业,指数型,11.29%,11.01%,12.30 亿,截至2025-06-30，国泰中证有色金属矿业主题ETF 的基金机构持有0.08亿份，占总份额的11.29%，个人投资者持有0.08亿份，占总份额的11.01%,有色,-0.0376741709985744,0.2512570873042781,-0.24944240049505362,0.9824109648788056,-0.047603204252282816,2022-11-02 至 2025-02-28,563.0,成功
512400,南方中证申万有色金属,指数型,52.31%,22.36%,205.91 亿,截至2025-06-30，南方中证申万有色金属ETF 的基金机构持有21.60亿份，占总份额的52.31%，个人投资者持有9.23亿份，占总份额的22.36%,有色,-0.0075367568919691985,0.3098576855936845,-0.10500548608187359,1.0557805719405648,0.020892676290777512,2017-09-04 至 2025-02-28,1815.0,成功
561380,国泰恒生A股电网设备,指数型,42.34%,38.67%,5.52 亿,截至2025-06-30，国泰恒生A股电网设备ETF 的基金机构持有0.26亿份，占总份额的42.34%，个人投资者持有0.24亿份，占总份额的38.67%,电网设备,-0.23788005867765316,0.23057155575983443,-1.1401235413073745,1.1922739189933627,-0.10205469762186625,2024-12-24 至 2025-02-28,42.0,成功
159599,西藏东财中证芯片产业,指数型,67.79%,32.21%,11.90 亿,截至2025-06-30，西藏东财中证芯片产业ETF 的基金机构持有3.22亿份，占总份额的67.79%，个人投资者持有1.53亿份，占总份额的32.21%,芯片,0.7640850334860243,0.4128055543474461,1.7903950799653208,1.1002476631526454,0.7548754755382809,2024-05-09 至 2025-02-28,197.0,成功
516650,华夏细分有色金属产业,指数型,37.38%,20.47%,65.95 亿,截至2025-06-30，华夏细分有色金属产业主题ETF 的基金机构持有0.41亿份，占总份额的37.38%，个人投资者持有0.22亿份，占总份额的20.47%,有色,0.0002866493311952656,0.28315802284340286,-0.08727759298726336,0.9456451047020273,0.10332476164621851,2021-06-22 至 2025-02-28,894.0,成功
159566,易方达国证新能源电池,指数型,54.86%,45.14%,38.90 亿,截至2025-06-30，易方达国证新能源电池ETF 的基金机构持有0.49亿份，占总份额的54.86%，个人投资者持有0.40亿份，占总份额的45.14%,新能源,0.33416246591373233,0.34321334496713357,0.9007880096950717,1.288379101854441,0.13328734245839957,2024-02-19 至 2025-02-28,250.0,成功
516150,嘉实中证稀土产业ET,指数型,84.69%,15.31%,77.71 亿,截至2025-06-30，嘉实中证稀土产业ETF 的基金机构持有17.30亿份，占总份额的84.69%，个人投资者持有3.13亿份，占总份额的15.31%,稀土,0.032896948862107145,0.31976902834161497,0.024695790280447962,1.073313951634347,0.14596982955000337,2021-03-18 至 2025-02-28,957.0,成功
159936,广发中证全指可选消费,指数型,90.78%,9.22%,3.60 亿,截至2025-06-30，广发中证全指可选消费ETF 的基金机构持有1.40亿份，占总份额的90.78%，个人投资者持有0.14亿份，占总份额的9.22%,消费,0.07303814928375063,0.26291668916589567,0.1827124380584278,0.776093812207744,0.03615344151477973,2014-06-26 至 2025-02-28,2529.0,成功
159961,方正富邦深证100E,指数型,97.73%,2.27%,3.66 亿,截至2025-06-30，方正富邦深证100ETF 的基金机构持有2.64亿份，占总份额的97.73%，个人投资者持有0.06亿份，占总份额的2.27%,深证100,0.09277657929978655,0.23433399776785516,0.2892306705189657,1.0924838614141033,0.049913594777127646,2018-12-20 至 2025-02-28,1483.0,成功
159964,平安创业板ETF,指数型,88.56%,11.44%,4.74 亿,截至2025-06-30，平安创业板ETF 的基金机构持有3.09亿份，占总份额的88.56%，个人投资者持有0.40亿份，占总份额的11.44%,创业板,0.06034592734392841,0.312218173220778,0.11320906460795392,1.2413372962947413,0.09938678468446871,2019-04-22 至 2025-02-28,1420.0,成功
159980,大成有色金属期货ET,指数型,79.11%,20.89%,46.97 亿,截至2025-06-30，大成有色金属期货ETF 的基金机构持有4.45亿份，占总份额的79.11%，个人投资者持有1.18亿份，占总份额的20.89%,有色,0.10568907361560909,0.18470323761771543,0.436857927648313,0.33161246821031193,0.11982912997073503,2019-12-25 至 2025-02-28,1253.0,成功
159558,易方达中证半导体材料,指数型,82.52%,17.48%,16.07 亿,截至2025-06-30，易方达中证半导体材料设备主题ETF 的基金机构持有3.22亿份，占总份额的82.52%，个人投资者持有0.68亿份，占总份额的17.48%,材料,0.4026799505637486,0.43291033971206866,0.8724207206853638,1.0560992061995533,0.29319113042453737,2024-06-19 至 2025-02-28,169.0,成功
510560,国寿安保中证500E,指数型,98.65%,1.35%,2.19 亿,截至2025-06-30，国寿安保中证500ETF 的基金机构持有1.25亿份，占总份额的98.65%，个人投资者持有0.02亿份，占总份额的1.35%,中证500,-0.0019143650383054434,0.3034897740262419,-0.08868293874039472,0.8207858806209561,-0.010739872355123081,2015-07-06 至 2025-02-28,2083.0,成功
512090,易方达MSCI中国A,指数型,58.90%,41.10%,6.67 亿,截至2025-06-30，易方达MSCI中国A股ETF 的基金机构持有1.45亿份，占总份额的58.90%，个人投资者持有1.01亿份，占总份额的41.10%,MSCI,0.07091680924882593,0.19544439518923906,0.2349354106796819,0.9639898595761267,0.06732219963443797,2018-06-04 至 2025-02-28,1635.0,成功
560860,万家中证工业有色金属,指数型,53.77%,40.87%,87.60 亿,截至2025-06-30，万家中证工业有色金属主题ETF 的基金机构持有2.60亿份，占总份额的53.77%，个人投资者持有1.98亿份，占总份额的40.87%,有色,-0.09408216523185997,0.26776154337065994,-0.44473214388003274,1.0955847548122257,-0.06280113927114617,2023-03-14 至 2025-02-28,475.0,成功
159952,广发创业板ETF,指数型,83.54%,16.46%,137.26 亿,截至2025-06-30，广发创业板ETF 的基金机构持有64.22亿份，占总份额的83.54%，个人投资者持有12.65亿份，占总份额的16.46%,创业板,0.03658892501651767,0.2917063572322462,0.03972805092928085,1.235676235576237,0.03237132244964225,2017-05-22 至 2025-02-28,1875.0,成功
159958,工银瑞信创业板ETF,指数型,72.49%,27.51%,6.07 亿,截至2025-06-30，工银瑞信创业板ETF 的基金机构持有2.44亿份，占总份额的72.49%，个人投资者持有0.93亿份，占总份额的27.51%,创业板,0.03706626019143022,0.2970761603750097,0.04061672325439562,1.2259129666818211,0.07961474341148622,2018-01-22 至 2025-02-28,1721.0,成功
560780,广发中证半导体材料设,指数型,62.82%,37.18%,14.79 亿,截至2025-06-30，广发中证半导体材料设备主题ETF 的基金机构持有1.03亿份，占总份额的62.82%，个人投资者持有0.61亿份，占总份额的37.18%,材料,0.1679380002412887,0.37737205925805983,0.37877208111886956,1.1392251585349598,0.0698208205070836,2023-12-13 至 2025-02-28,291.0,成功
562660,华夏中证2000ET,指数型,24.53%,21.18%,3.04 亿,截至2025-06-30，华夏中证2000ETF 的基金机构持有0.34亿份，占总份额的24.53%，个人投资者持有0.29亿份，占总份额的21.18%,中证2000,0.16187857921578375,0.34909276935449024,0.3920980072686319,1.2185285122861391,0.16577318231413174,2023-09-15 至 2025-02-28,348.0,成功
513000,易方达奥明日经225,指数型,54.92%,45.08%,16.28 亿,截至2025-06-30，易方达奥明日经225ETF(QDII) 的基金机构持有4.39亿份，占总份额的54.92%，个人投资者持有3.60亿份，占总份额的45.08%,海外,0.0642962747942386,0.21017165009251168,0.18697229039664237,0.2511933027492648,0.08323256670004642,2019-06-26 至 2025-02-28,1377.0,成功
515110,易方达中证国企一带一,指数型,97.02%,2.98%,3.45 亿,截至2025-06-30，易方达中证国企一带一路ETF 的基金机构持有2.02亿份，占总份额的97.02%，个人投资者持有0.06亿份，占总份额的2.98%,一带一路,0.055997804429350095,0.19468703475395546,0.15921863758685817,0.8405383854608443,0.06964132181574079,2020-01-16 至 2025-02-28,1238.0,成功
513090,易方达中证香港证券投,指数型,53.62%,46.38%,303.25 亿,截至2025-06-30，易方达中证香港证券投资主题ETF 的基金机构持有28.45亿份，占总份额的53.62%，个人投资者持有24.61亿份，占总份额的46.38%,证券,0.09646153049084272,0.28405887027054944,0.2515729588827126,1.17848760768853,0.10458097368320418,2020-03-27 至 2025-02-28,1193.0,成功
159905,工银深证红利ETF,指数型,53.79%,46.21%,19.03 亿,截至2025-06-30，工银深证红利ETF 的基金机构持有7.87亿份，占总份额的53.79%，个人投资者持有6.76亿份，占总份额的46.21%,红利,0.036137524567708246,0.25636182606241026,0.04344455154956206,1.0343811668233942,0.028588759756167148,2011-01-12 至 2025-02-28,3430.0,成功
159337,中证500ETF基金,指数型,92.25%,7.75%,5.85 亿,截至2025-06-30，中证500ETF基金 的基金机构持有10.48亿份，占总份额的92.25%，个人投资者持有0.88亿份，占总份额的7.75%,中证500,0.8972183818723691,0.37371463673930644,2.3339154962796007,1.225465331713398,0.07639304289815785,2024-09-23 至 2025-02-28,103.0,成功
515680,嘉实中证央企创新驱动,指数型,98.99%,1.01%,18.56 亿,截至2025-06-30，嘉实中证央企创新驱动ETF 的基金机构持有12.36亿份，占总份额的98.99%，个人投资者持有0.13亿份，占总份额的1.01%,创新,0.09275640619186687,0.20356605681784848,0.3328472695843174,0.7917934901025018,0.10507337455188637,2019-12-19 至 2025-02-28,1255.0,成功
515600,广发央企创新ETF,指数型,98.09%,1.91%,18.43 亿,截至2025-06-30，广发央企创新ETF 的基金机构持有12.00亿份，占总份额的98.09%，个人投资者持有0.23亿份，占总份额的1.91%,创新,0.09406613507202288,0.21076556505561012,0.3276917415508549,0.81246677607295,0.10776145564406336,2019-12-19 至 2025-02-28,1254.0,成功
560280,广发中证工程机械主题,指数型,69.82%,30.18%,8.74 亿,截至2025-06-30，广发中证工程机械主题ETF 的基金机构持有0.69亿份，占总份额的69.82%，个人投资者持有0.30亿份，占总份额的30.18%,工程机械,0.24318876937200784,0.2657084588823571,0.8211585370287791,1.0370582663169714,0.16619145160380078,2023-10-31 至 2025-02-28,322.0,成功
515900,博时央企创新驱动ET,指数型,94.34%,2.01%,36.99 亿,截至2025-06-30，博时央企创新驱动ETF 的基金机构持有21.73亿份，占总份额的94.34%，个人投资者持有0.46亿份，占总份额的2.01%,创新,0.08739763428540237,0.20793435868843016,0.30008332763754203,0.8202400830610409,0.09852694220761116,2019-12-19 至 2025-02-28,1257.0,成功
515150,富国中证国企一带一路,指数型,97.70%,2.30%,8.19 亿,截至2025-06-30，富国中证国企一带一路ETF 的基金机构持有5.35亿份，占总份额的97.70%，个人投资者持有0.13亿份，占总份额的2.30%,一带一路,0.04012809897283831,0.1966127192555041,0.07694364347394479,0.8396676737574273,0.05442544326588861,2020-01-16 至 2025-02-28,1238.0,成功
516510,易方达中证云计算与大,指数型,50.61%,49.39%,17.44 亿,截至2025-06-30，易方达中证云计算与大数据主题ETF 的基金机构持有13.77亿份，占总份额的50.61%，个人投资者持有13.44亿份，占总份额的49.39%,云计算与大数据,0.06656827644772823,0.3447615875416975,0.12057107853612233,1.1633950193459661,0.2073223510103368,2021-04-08 至 2025-02-28,943.0,成功
510360,广发沪深300ETF,指数型,96.04%,3.96%,38.56 亿,截至2025-06-30，广发沪深300ETF 的基金机构持有42.35亿份，占总份额的96.04%，个人投资者持有1.75亿份，占总份额的3.96%,沪深300,0.04295324429007086,0.1978897780367272,0.09072345458257494,0.9825512477913017,0.02760621415717268,2015-09-10 至 2025-02-28,2299.0,成功
513880,华安日经225ETF,指数型,53.57%,46.43%,19.93 亿,截至2025-06-30，华安日经225ETF 的基金机构持有5.71亿份，占总份额的53.57%，个人投资者持有4.95亿份，占总份额的46.43%,海外,0.052239752367645886,0.18568866579421567,0.14669582686233304,0.2489548215095118,0.06566013630431322,2019-06-26 至 2025-02-28,1377.0,成功
513800,南方顶峰TOPIX(,指数型,57.55%,42.45%,15.95 亿,截至2025-06-30，南方顶峰TOPIX(ETF-QDII) 的基金机构持有2.86亿份，占总份额的57.55%，个人投资者持有2.11亿份，占总份额的42.45%,QDII,0.06345585796357867,0.17208394130176694,0.22347150857117082,0.19435322957553364,0.07569381037924283,2019-06-26 至 2025-02-28,1377.0,成功
515190,中银证券中证500E,指数型,89.34%,10.66%,8.17 亿,截至2025-06-30，中银证券中证500ETF 的基金机构持有0.64亿份，占总份额的89.34%，个人投资者持有0.08亿份，占总份额的10.66%,中证500,0.04332122044501574,0.2447202509496919,0.07486597604373209,0.7336869112293345,0.056371975391325435,2020-05-28 至 2025-02-28,1141.0,成功
513920,华安恒生港股通中国央,指数型,80.05%,19.95%,62.39 亿,截至2025-06-30，华安恒生港股通中国央企红利ETF 的基金机构持有16.88亿份，占总份额的80.05%，个人投资者持有4.21亿份，占总份额的19.95%,红利,0.3526325717959422,0.24884172129889146,1.316630386921382,0.798170723180805,0.20723199623530641,2024-01-08 至 2025-02-28,274.0,成功
513190,华夏中证港股通内地金,指数型,73.49%,19.92%,25.39 亿,截至2025-06-30，华夏中证港股通内地金融ETF 的基金机构持有8.36亿份，占总份额的73.49%，个人投资者持有2.26亿份，占总份额的19.92%,金融,0.28293159059097306,0.2442010059254477,1.0562265688197745,0.8366957664151914,0.29096573973229223,2023-10-12 至 2025-02-28,335.0,成功
159959,银华中证央企结构调整,指数型,97.30%,2.70%,28.98 亿,截至2025-06-30，银华中证央企结构调整ETF 的基金机构持有19.17亿份，占总份额的97.30%，个人投资者持有0.53亿份，占总份额的2.70%,国央企,0.06375361717215511,0.19437056743373227,0.19938006913195627,0.8608479939467351,0.03525970388920907,2019-01-21 至 2025-02-28,1479.0,成功
588750,汇添富上证科创板芯片,指数型,79.27%,20.73%,53.00 亿,截至2025-06-30，汇添富上证科创板芯片ETF 的基金机构持有11.73亿份，占总份额的79.27%，个人投资者持有3.07亿份，占总份额的20.73%,芯片,0.5591182891201483,0.4203695163185162,1.2705923440829234,1.8755400654040015,1.0868684205142927,2024-12-27 至 2025-02-28,39.0,成功
513630,摩根标普港股通低波红,指数型,90.39%,9.61%,166.44 亿,截至2025-06-30，摩根标普港股通低波红利ETF 的基金机构持有70.28亿份，占总份额的90.39%，个人投资者持有7.47亿份，占总份额的9.61%,红利,0.27622302269515586,0.196815101312032,1.27644180258742,0.5850424275426923,0.20010535356263515,2023-12-11 至 2025-02-28,293.0,成功
513530,华泰柏瑞中证港股通高,指数型,37.10%,13.76%,36.85 亿,截至2025-06-30，华泰柏瑞中证港股通高股息投资ETF(QDII) 的基金机构持有6.21亿份，占总份额的37.10%，个人投资者持有2.30亿份，占总份额的13.76%,高股息,0.16206640110083526,0.20854675757930288,0.657245419165598,0.6897431468667687,0.1710920754580154,2022-04-26 至 2025-02-28,689.0,成功
159680,招商中证1000增强,指数型,50.27%,49.73%,6.47 亿,截至2025-06-30，招商中证1000增强策略ETF 的基金机构持有1.63亿份，占总份额的50.27%，个人投资者持有1.61亿份，占总份额的49.73%,中证1000,0.08367965814291334,0.26495600867585334,0.22146943727062976,1.2058901944815101,0.10229335026662212,2022-12-01 至 2025-02-28,542.0,成功
159739,鹏华中证云计算与大数,指数型,59.03%,40.97%,2.83 亿,截至2025-06-30，鹏华中证云计算与大数据主题ETF 的基金机构持有2.58亿份，占总份额的59.03%，个人投资者持有1.79亿份，占总份额的40.97%,云计算与大数据,0.06678788289627957,0.36563208517951434,0.11428943079697991,1.2475130132029255,0.21384668004330765,2021-11-18 至 2025-02-28,794.0,成功
159997,天弘中证电子ETF,指数型,16.30%,13.28%,13.30 亿,截至2025-06-30，天弘中证电子ETF 的基金机构持有1.82亿份，占总份额的16.30%，个人投资者持有1.48亿份，占总份额的13.28%,电子,0.06457162336422329,0.2979979847733798,0.13279158043406414,1.1458722945106008,0.05610321660173989,2020-03-23 至 2025-02-28,1197.0,成功
513910,华夏中证港股通央企红,指数型,59.39%,14.48%,49.92 亿,截至2025-06-30，华夏中证港股通央企红利ETF 的基金机构持有12.07亿份，占总份额的59.39%，个人投资者持有2.94亿份，占总份额的14.48%,红利,0.3892412004099488,0.250828966985179,1.452149665120102,0.8487202373332956,0.2876893115950958,2024-03-05 至 2025-02-28,239.0,成功
159375,国泰创业板50ETF,指数型,8.69%,2.53%,2.28 亿,截至2025-06-30，国泰创业板50ETF 的基金机构持有0.30亿份，占总份额的8.69%，个人投资者持有0.09亿份，占总份额的2.53%,创业板,,,,,,,,共同交易日<30
159977,天弘创业板ETF,指数型,8.54%,6.25%,85.97 亿,截至2025-06-30，天弘创业板ETF 的基金机构持有3.43亿份，占总份额的8.54%，个人投资者持有2.51亿份，占总份额的6.25%,创业板,0.06272957332350937,0.30210072439238284,0.12489070789020816,1.3235430885719806,0.07945635466803291,2019-09-30 至 2025-02-28,1310.0,成功
159370,工银瑞信创业板50E,指数型,96.62%,3.38%,2.82 亿,截至2025-06-30，工银瑞信创业板50ETF 的基金机构持有1.50亿份，占总份额的96.62%，个人投资者持有0.05亿份，占总份额的3.38%,创业板,,,,,,,,数据不足
515020,华夏中证银行ETF,指数型,14.70%,7.57%,9.38 亿,截至2025-06-30，华夏中证银行ETF 的基金机构持有0.39亿份，占总份额的14.70%，个人投资者持有0.20亿份，占总份额的7.57%,银行,0.09735485706262237,0.18348987110846135,0.3943261643028417,0.5967525040806282,0.10079667690961447,2019-12-04 至 2025-02-28,1268.0,成功
513750,广发中证港股通非银E,指数型,82.43%,17.57%,269.11 亿,截至2025-06-30，广发中证港股通非银ETF 的基金机构持有25.31亿份，占总份额的82.43%，个人投资者持有5.39亿份，占总份额的17.57%,非银,0.21882725378418488,0.31721629357121234,0.6110255296223375,1.2430167454888692,0.11764967686578309,2023-11-28 至 2025-02-28,302.0,成功
159373,嘉实创业板50ETF,指数型,76.46%,23.54%,4.49 亿,截至2025-06-30，嘉实创业板50ETF 的基金机构持有2.80亿份，占总份额的76.46%，个人投资者持有0.86亿份，占总份额的23.54%,创业板,,,,,,,,数据不足
515210,国泰中证钢铁ETF,指数型,48.17%,25.25%,39.80 亿,截至2025-06-30，国泰中证钢铁ETF 的基金机构持有4.62亿份，占总份额的48.17%，个人投资者持有2.42亿份，占总份额的25.25%,钢铁,0.03943476381908395,0.27158508484502675,0.05315006097378576,0.7733963456295849,0.07243279701887695,2020-03-03 至 2025-02-28,1211.0,成功
159335,融通中证诚通央企科技,指数型,83.14%,16.86%,2.42 亿,截至2025-06-30，融通中证诚通央企科技创新ETF 的基金机构持有2.12亿份，占总份额的83.14%，个人投资者持有0.43亿份，占总份额的16.86%,创新,0.5163601369781112,0.3109551820137653,1.580163848037624,1.0004831012351711,0.005540597583897133,2024-09-06 至 2025-02-28,112.0,成功
560880,广发中证全指家用电器,指数型,95.55%,4.45%,6.41 亿,截至2025-06-30，广发中证全指家用电器ETF 的基金机构持有2.73亿份，占总份额的95.55%，个人投资者持有0.13亿份，占总份额的4.45%,家用电器,0.1390484441247326,0.2235820530259861,0.5100965957740677,0.9348945731054185,0.175318953600905,2022-04-13 至 2025-02-28,698.0,成功
512950,华夏中证央企ETF,指数型,91.63%,2.22%,62.41 亿,截至2025-06-30，华夏中证央企ETF 的基金机构持有38.28亿份，占总份额的91.63%，个人投资者持有0.93亿份，占总份额的2.22%,国央企,0.056170797008362694,0.1954686064931228,0.15946702423265793,0.8784980679858604,0.026972970346869296,2019-01-21 至 2025-02-28,1479.0,成功
159697,鹏华国证石油天然气E,指数型,73.29%,26.71%,2.07 亿,截至2025-06-30，鹏华国证石油天然气ETF 的基金机构持有1.14亿份，占总份额的73.29%，个人投资者持有0.42亿份，占总份额的26.71%,能源,-0.009789264452645607,0.20869422082807007,-0.16669970215086252,0.7364410621850833,0.007540094499069783,2023-05-05 至 2025-02-28,441.0,成功
159565,易方达中证汽车零部件,指数型,71.86%,28.14%,3.81 亿,截至2025-06-30，易方达中证汽车零部件主题ETF 的基金机构持有0.53亿份，占总份额的71.86%，个人投资者持有0.21亿份，占总份额的28.14%,汽车零部件,0.24826034964037036,0.3053162428074631,0.7312429485815519,1.1562439082292368,0.12529068969977164,2024-02-27 至 2025-02-28,244.0,成功
513170,鹏华恒生中国央企(Q,指数型,76.84%,23.16%,3.60 亿,截至2025-06-30，鹏华恒生中国央企(QDII) 的基金机构持有2.92亿份，占总份额的76.84%，个人投资者持有0.88亿份，占总份额的23.16%,国央企,0.3738360277613799,0.22343712844262278,1.5612267763768668,0.669974415681873,0.290230751324539,2024-04-22 至 2025-02-28,207.0,成功
510170,国联安上证商品ETF,指数型,63.32%,36.68%,3.22 亿,截至2025-06-30，国联安上证商品ETF 的基金机构持有1.07亿份，占总份额的63.32%，个人投资者持有0.62亿份，占总份额的36.68%,商品,-0.08557775238916476,0.35131204457921117,-0.3147565080542877,0.8570846870783901,-0.03948547506471001,2011-01-26 至 2025-02-28,3381.0,成功
512680,广发中证军工ETF,指数型,87.73%,12.27%,59.72 亿,截至2025-06-30，广发中证军工ETF 的基金机构持有42.45亿份，占总份额的87.73%，个人投资者持有5.94亿份，占总份额的12.27%,军工,0.0050452198242414426,0.2881680721297209,-0.06924701972804181,0.9305582562533866,0.009986434436293878,2016-10-17 至 2025-02-28,2034.0,成功
159819,易方达中证人工智能主,指数型,52.33%,47.67%,217.96 亿,截至2025-06-30，易方达中证人工智能主题ETF 的基金机构持有89.54亿份，占总份额的52.33%，个人投资者持有81.55亿份，占总份额的47.67%,人工智能,0.011332197029428892,0.30193519946733843,-0.04526733880211145,1.078937474252882,0.08071850691020677,2020-09-24 至 2025-02-28,1070.0,成功
512960,博时央企结构调整ET,指数型,94.20%,0.26%,56.64 亿,截至2025-06-30，博时央企结构调整ETF 的基金机构持有37.89亿份，占总份额的94.20%，个人投资者持有0.10亿份，占总份额的0.26%,国央企,0.052076427507140366,0.18987656661882882,0.14260015329588002,0.8453411371208714,0.023708874274189107,2019-01-21 至 2025-02-28,1479.0,成功
159920,华夏恒生ETF(QD,指数型,43.03%,25.12%,137.89 亿,截至2025-06-30，华夏恒生ETF(QDII) 的基金机构持有46.30亿份，占总份额的43.03%，个人投资者持有27.03亿份，占总份额的25.12%,QDII,0.03051888971847072,0.20358261625486992,0.027108845637200625,0.5639671412787387,0.012714457520716538,2012-10-23 至 2025-02-28,3000.0,成功
561930,招商沪深300ETF,指数型,81.08%,18.92%,2.98 亿,截至2025-06-30，招商沪深300ETF 的基金机构持有2.56亿份，占总份额的81.08%，个人投资者持有0.60亿份，占总份额的18.92%,沪深300,0.6501572882649991,0.3455874564169645,1.8089698473046512,1.1549288161394256,-0.026868470054660754,2024-09-23 至 2025-02-28,103.0,成功
159572,易方达创业板中盘20,指数型,84.42%,15.58%,3.95 亿,截至2025-06-30，易方达创业板中盘200ETF 的基金机构持有5.33亿份，占总份额的84.42%，个人投资者持有0.98亿份，占总份额的15.58%,创业板,0.26086390037524665,0.48174795455314123,0.4896002113678486,1.866154173527254,0.041091645286917444,2023-12-26 至 2025-02-28,282.0,成功
589980,汇添富上证科创板10,指数型,89.30%,10.70%,3.57 亿,截至2025-06-30，汇添富上证科创板100ETF 的基金机构持有2.79亿份，占总份额的89.30%，个人投资者持有0.33亿份，占总份额的10.70%,科创板,,,,,,,,数据不足
512700,南方中证银行ETF,指数型,44.10%,8.71%,14.12 亿,截至2025-06-30，南方中证银行ETF 的基金机构持有4.16亿份，占总份额的44.10%，个人投资者持有0.82亿份，占总份额的8.71%,银行,0.05737624728237001,0.18928250207110275,0.1710472279693771,0.6431964322377736,0.05875023456104422,2017-07-27 至 2025-02-28,1842.0,成功
159996,国泰中证全指家电ET,指数型,67.81%,21.89%,14.51 亿,截至2025-06-30，国泰中证全指家电ETF 的基金机构持有6.20亿份，占总份额的67.81%，个人投资者持有2.00亿份，占总份额的21.89%,家用电器,0.09057407968269549,0.23056600469918664,0.28440480533220086,0.9514798121101259,0.08899264844930799,2020-03-17 至 2025-02-28,1201.0,成功
159570,汇添富国证港股通创新,指数型,80.04%,19.96%,214.88 亿,截至2025-06-30，汇添富国证港股通创新药ETF 的基金机构持有41.05亿份，占总份额的80.04%，个人投资者持有10.24亿份，占总份额的19.96%,创新药,0.25556427193420084,0.33565675806678263,0.6869049002979631,0.9937954958806836,0.11524134853872448,2024-01-23 至 2025-02-28,263.0,成功
563300,华泰柏瑞中证2000,指数型,56.53%,41.86%,26.75 亿,截至2025-06-30，华泰柏瑞中证2000ETF 的基金机构持有9.70亿份，占总份额的56.53%，个人投资者持有7.18亿份，占总份额的41.86%,中证2000,0.07666721670153898,0.343259803818468,0.15051927469160659,1.2457032765861555,0.07578450513137813,2023-09-15 至 2025-02-28,348.0,成功
512660,国泰中证军工ETF,指数型,61.01%,38.99%,106.52 亿,截至2025-06-30，国泰中证军工ETF 的基金机构持有83.17亿份，占总份额的61.01%，个人投资者持有53.16亿份，占总份额的38.99%,军工,-0.0011999547786987197,0.29287920965894687,-0.08945651966627521,0.9698983330179662,0.002839746249757802,2016-08-09 至 2025-02-28,2076.0,成功
588900,南方上证科创板100,指数型,22.11%,16.56%,6.64 亿,截至2025-06-30，南方上证科创板100ETF 的基金机构持有0.75亿份，占总份额的22.11%，个人投资者持有0.56亿份，占总份额的16.56%,科创板,0.04363507100925812,0.45621329463828525,0.04084727742104311,1.844270325093381,-0.1360946960017836,2023-12-19 至 2025-02-28,287.0,成功
159545,易方达恒生港股通高股,指数型,71.73%,28.27%,75.73 亿,截至2025-06-30，易方达恒生港股通高股息低波动ETF 的基金机构持有11.58亿份，占总份额的71.73%，个人投资者持有4.56亿份，占总份额的28.27%,高股息,0.30507262160707405,0.21058510904455888,1.3299735336358085,0.6767986896374181,0.21316136109139072,2024-04-16 至 2025-02-28,211.0,成功
588030,博时上证科创板100,指数型,44.89%,43.29%,67.45 亿,截至2025-06-30，博时上证科创板100ETF 的基金机构持有27.95亿份，占总份额的44.89%，个人投资者持有26.96亿份，占总份额的43.29%,科创板,0.024343366909143516,0.43067801200168504,-0.0015246496746017222,1.8389347374625573,0.01404726663879785,2023-09-18 至 2025-02-28,347.0,成功
588220,鹏华上证科创板100,指数型,70.95%,29.05%,90.15 亿,截至2025-06-30，鹏华上证科创板100ETF 的基金机构持有38.03亿份，占总份额的70.95%，个人投资者持有15.57亿份，占总份额的29.05%,科创板,0.019812789977137202,0.4244172882574097,-0.012221957414036227,1.815052435771966,0.009892092392187468,2023-09-18 至 2025-02-28,347.0,成功
515890,博时红利ETF,指数型,44.42%,34.34%,4.49 亿,截至2025-06-30，博时红利ETF 的基金机构持有1.91亿份，占总份额的44.42%，个人投资者持有1.48亿份，占总份额的34.34%,红利,0.06386989272571064,0.17227206699163014,0.22563084895010366,0.6200971987355017,0.06516024663190301,2020-04-21 至 2025-02-28,1177.0,成功
159333,万家中证港股通央企红,指数型,50.90%,27.73%,5.60 亿,截至2025-06-30，万家中证港股通央企红利ETF 的基金机构持有2.21亿份，占总份额的50.90%，个人投资者持有1.21亿份，占总份额的27.73%,红利,0.6144378888998308,0.37081460067803335,1.5895757281996055,0.9300772267031594,0.13885203050052497,2024-09-04 至 2025-02-28,114.0,成功
159681,鹏华创业板50ETF,指数型,67.76%,32.24%,21.43 亿,截至2025-06-30，鹏华创业板50ETF 的基金机构持有10.19亿份，占总份额的67.76%，个人投资者持有4.85亿份，占总份额的32.24%,创业板,-0.02091424447011081,0.34992324720056384,-0.1312123296678096,1.7141267107518552,0.006304635606763975,2023-01-04 至 2025-02-28,519.0,成功
588210,易方达上证科创板10,指数型,69.95%,30.05%,4.55 亿,截至2025-06-30，易方达上证科创板100ETF 的基金机构持有2.51亿份，占总份额的69.95%，个人投资者持有1.08亿份，占总份额的30.05%,科创板,-0.004935423539460859,0.4349369211913534,-0.06882704613226102,1.8045747874092544,-0.06877489943555248,2023-11-17 至 2025-02-28,309.0,成功
512200,南方中证房地产ETF,指数型,56.12%,29.31%,46.79 亿,截至2025-06-30，南方中证房地产ETF 的基金机构持有25.73亿份，占总份额的56.12%，个人投资者持有13.44亿份，占总份额的29.31%,房地产,0.0601893438228267,0.6987454947771932,0.0503607452010083,0.9501624917167216,0.19579498911262716,2017-09-26 至 2025-02-28,1799.0,成功
588800,华夏上证科创板100,指数型,43.32%,39.15%,26.04 亿,截至2025-06-30，华夏上证科创板100ETF 的基金机构持有14.73亿份，占总份额的43.32%，个人投资者持有13.31亿份，占总份额的39.15%,科创板,-0.009070815975593338,0.441592590261317,-0.07715441048372569,1.818743233262172,-0.07221368780680248,2023-11-17 至 2025-02-28,309.0,成功
159378,永赢国证通用航空产业,指数型,79.37%,20.63%,7.56 亿,截至2025-06-30，永赢国证通用航空产业ETF 的基金机构持有6.57亿份，占总份额的79.37%，个人投资者持有1.71亿份，占总份额的20.63%,航空航天,,,,,,,,共同交易日<30
515100,景顺长城红利低波动1,指数型,76.25%,15.62%,57.70 亿,截至2025-06-30，景顺长城红利低波动100ETF 的基金机构持有28.76亿份，占总份额的76.25%，个人投资者持有5.89亿份，占总份额的15.62%,红利,0.053007165125532385,0.2005678436565558,0.1396393590065749,0.5506255877427997,0.09853112962853783,2020-07-06 至 2025-02-28,1128.0,成功
515180,易方达中证红利ETF,指数型,77.88%,22.12%,118.05 亿,截至2025-06-30，易方达中证红利ETF 的基金机构持有47.00亿份，占总份额的77.88%，个人投资者持有13.35亿份，占总份额的22.12%,红利,0.0593054598217122,0.17773602946579228,0.19301353768744314,0.6371906129278524,0.06557306167705645,2019-12-23 至 2025-02-28,1255.0,成功
588050,工银瑞信上证科创板5,指数型,58.56%,41.44%,113.84 亿,截至2025-06-30，工银瑞信上证科创板50成份ETF 的基金机构持有66.01亿份，占总份额的58.56%，个人投资者持有46.70亿份，占总份额的41.44%,科创板,-0.06074110119749865,0.29782363760482883,-0.28789219649269526,1.1283004457833228,0.022066536154784266,2020-11-17 至 2025-02-28,1038.0,成功
517900,招商中证银行AH价格,指数型,71.99%,28.01%,11.03 亿,截至2025-06-30，招商中证银行AH价格优选ETF 的基金机构持有3.02亿份，占总份额的71.99%，个人投资者持有1.17亿份，占总份额的28.01%,银行,0.11459563920519633,0.1903949467288719,0.4705778212316906,0.5929956736729052,0.1438713892928043,2022-03-28 至 2025-02-28,708.0,成功
588080,易方达上证科创板50,指数型,77.52%,22.48%,705.97 亿,截至2025-06-30，易方达上证科创板50ETF 的基金机构持有472.35亿份，占总份额的77.52%，个人投资者持有136.97亿份，占总份额的22.48%,科创板,-0.06183614404012694,0.2959976281995577,-0.2933677021951782,1.1212095879973651,0.020576431554137686,2020-11-17 至 2025-02-28,1038.0,成功
513950,富国恒生港股通高股息,指数型,82.56%,17.44%,32.55 亿,截至2025-06-30，富国恒生港股通高股息低波动ETF(QDII) 的基金机构持有12.31亿份，占总份额的82.56%，个人投资者持有2.60亿份，占总份额的17.44%,高股息,0.08980687976124502,0.1877908791762566,0.34510131719666026,0.7151262882438382,0.12282234017910798,2023-05-04 至 2025-02-28,442.0,成功
159568,博时港股通互联网ET,指数型,50.93%,49.07%,4.24 亿,截至2025-06-30，博时港股通互联网ETF 的基金机构持有0.96亿份，占总份额的50.93%，个人投资者持有0.92亿份，占总份额的49.07%,互联网,0.7987829351010787,0.36332072025289724,2.129751737149674,1.201269267753805,0.6088246259591179,2024-02-28 至 2025-02-28,243.0,成功
159981,建信能源化工期货ET,指数型,69.50%,30.50%,15.95 亿,截至2025-06-30，建信能源化工期货ETF 的基金机构持有3.01亿份，占总份额的69.50%，个人投资者持有1.32亿份，占总份额的30.50%,化工,0.0741599411255569,0.2417478152066291,0.20335216301143583,0.3339225368394114,0.10738876823466992,2020-01-20 至 2025-02-28,1236.0,成功
159330,东财沪深300ETF,指数型,71.97%,28.03%,5.58 亿,截至2025-06-30，东财沪深300ETF 的基金机构持有8.35亿份，占总份额的71.97%，个人投资者持有3.25亿份，占总份额的28.03%,沪深300,0.36881144050104964,0.3070993083402435,1.119544822029139,1.094499636663921,-0.013642568895597673,2024-08-20 至 2025-02-28,125.0,成功
515450,南方红利低波50ET,指数型,12.83%,10.51%,150.39 亿,截至2025-06-30，南方红利低波50ETF 的基金机构持有8.87亿份，占总份额的12.83%，个人投资者持有7.27亿份，占总份额的10.51%,红利,0.07041710421123071,0.1674014912595871,0.27130644936013776,0.5363225330238445,0.08070845693184969,2020-02-27 至 2025-02-28,1214.0,成功
159235,大成中证全指自由现金,指数型,73.41%,26.59%,21.51 亿,截至2025-06-30，大成中证全指自由现金流ETF 的基金机构持有2.89亿份，占总份额的73.41%，个人投资者持有1.05亿份，占总份额的26.59%,自由现金流,,,,,,,,数据不足
563390,华泰柏瑞中证全指自由,指数型,50.65%,49.35%,6.71 亿,截至2025-06-30，华泰柏瑞中证全指自由现金流ETF 的基金机构持有1.25亿份，占总份额的50.65%，个人投资者持有1.21亿份，占总份额的49.35%,自由现金流,,,,,,,,数据不足
588720,中银上证科创板50E,指数型,86.21%,13.79%,2.23 亿,截至2025-06-30，中银上证科创板50ETF 的基金机构持有2.99亿份，占总份额的86.21%，个人投资者持有0.48亿份，占总份额的13.79%,科创板,,,,,,,,数据不足
589770,招商上证科创板综合E,指数型,69.49%,30.51%,3.39 亿,截至2025-06-30，招商上证科创板综合ETF 的基金机构持有4.92亿份，占总份额的69.49%，个人投资者持有2.16亿份，占总份额的30.51%,科创板,,,,,,,,数据不足
561550,华泰柏瑞中证500增,指数型,58.79%,41.21%,16.91 亿,截至2025-06-30，华泰柏瑞中证500增强策略ETF 的基金机构持有4.39亿份，占总份额的58.79%，个人投资者持有3.08亿份，占总份额的41.21%,中证500,-0.02099059417172333,0.2175862245188936,-0.21136721441540454,1.0148335357318778,0.0737569741299684,2021-12-13 至 2025-02-28,777.0,成功
159869,华夏中证动漫游戏ET,指数型,37.46%,22.82%,126.11 亿,截至2025-06-30，华夏中证动漫游戏ETF 的基金机构持有20.72亿份，占总份额的37.46%，个人投资者持有12.62亿份，占总份额的22.82%,动漫游戏,0.03843158298012339,0.39475921305673556,0.03402474859578002,1.1119284288319138,0.20037432186997983,2021-03-08 至 2025-02-28,965.0,成功
589800,易方达上证科创板综合,指数型,68.17%,31.83%,16.01 亿,截至2025-06-30，易方达上证科创板综合ETF 的基金机构持有16.88亿份，占总份额的68.17%，个人投资者持有7.88亿份，占总份额的31.83%,科创板,,,,,,,,数据不足
515290,天弘中证银行ETF,指数型,11.52%,3.11%,55.32 亿,截至2025-06-30，天弘中证银行ETF 的基金机构持有3.96亿份，占总份额的11.52%，个人投资者持有1.07亿份，占总份额的3.11%,银行,0.07463722071405754,0.1798585491379854,0.27597921228629746,0.5697963947654039,0.12338309287837967,2020-12-29 至 2025-02-28,1008.0,成功
589880,建信上证科创板综合E,指数型,80.81%,19.19%,5.99 亿,截至2025-06-30，建信上证科创板综合ETF 的基金机构持有10.26亿份，占总份额的80.81%，个人投资者持有2.44亿份，占总份额的19.19%,科创板,,,,,,,,数据不足
159691,工银瑞信中证港股通高,指数型,92.85%,7.15%,84.35 亿,截至2025-06-30，工银瑞信中证港股通高股息精选ETF 的基金机构持有49.40亿份，占总份额的92.85%，个人投资者持有3.80亿份，占总份额的7.15%,高股息,0.0403619927576957,0.2091474443963235,0.07345054012988808,0.6604271085061773,0.05758996725032994,2023-04-24 至 2025-02-28,447.0,成功
516010,国泰中证动漫游戏ET,指数型,44.34%,22.15%,32.50 亿,截至2025-06-30，国泰中证动漫游戏ETF 的基金机构持有7.44亿份，占总份额的44.34%，个人投资者持有3.72亿份，占总份额的22.15%,动漫游戏,0.03880707637880554,0.3967985044864952,0.03479619056698197,1.1142332799464592,0.20350392730616473,2021-03-08 至 2025-02-28,965.0,成功
159726,华夏恒生港股通中国内,指数型,61.06%,16.57%,4.96 亿,截至2025-06-30，华夏恒生港股通中国内地企业高股息率ETF 的基金机构持有2.54亿份，占总份额的61.06%，个人投资者持有0.69亿份，占总份额的16.57%,高股息,0.026287815453498453,0.22949425816662095,0.005611536705913802,0.7795431898124804,0.10260813535157487,2021-11-24 至 2025-02-28,790.0,成功
589680,鹏华科创板综合ETF,指数型,74.63%,25.37%,14.95 亿,截至2025-06-30，鹏华科创板综合ETF 的基金机构持有16.49亿份，占总份额的74.63%，个人投资者持有5.61亿份，占总份额的25.37%,科创板,,,,,,,,数据不足
510380,国寿安保沪深300E,指数型,99.78%,0.22%,22.99 亿,截至2025-06-30，国寿安保沪深300ETF 的基金机构持有14.17亿份，占总份额的99.78%，个人投资者持有0.03亿份，占总份额的0.22%,沪深300,0.017979830735484148,0.2659053518215274,-0.026401007788770303,0.9068243267263072,0.007421073676832313,2018-02-08 至 2025-02-28,1593.0,成功
512820,汇添富中证银行ETF,指数型,72.29%,27.71%,8.96 亿,截至2025-06-30，汇添富中证银行ETF 的基金机构持有4.57亿份，占总份额的72.29%，个人投资者持有1.75亿份，占总份额的27.71%,银行,0.049695029598598284,0.1902360090167625,0.12981259292725333,0.6236408964102735,0.03442975933629744,2018-11-26 至 2025-02-28,1516.0,成功
563760,中银中证全指自由现金,指数型,51.12%,48.88%,11.78 亿,截至2025-05-28，中银中证全指自由现金流ETF 的基金机构持有1.98亿份，占总份额的51.12%，个人投资者持有1.90亿份，占总份额的48.88%,自由现金流,,,,,,,,数据不足
159380,A500ETF东财,指数型,96.85%,3.15%,3.40 亿,截至2025-06-30，A500ETF东财 的基金机构持有8.36亿份，占总份额的96.85%，个人投资者持有0.27亿份，占总份额的3.15%,中证500,0.3976219197952131,0.15700425685645855,2.373323674503191,1.0959379561718845,0.12507475578976335,2025-01-09 至 2025-02-28,31.0,成功
563350,华泰柏瑞中证A50E,指数型,58.36%,29.25%,3.47 亿,截至2025-06-30，华泰柏瑞中证A50ETF 的基金机构持有2.95亿份，占总份额的58.36%，个人投资者持有1.48亿份，占总份额的29.25%,中证A50,0.1662065744674881,0.22567205264189152,0.6257158244205021,1.030523571063485,0.05148936973141116,2024-03-22 至 2025-02-28,226.0,成功
159586,南方中证全指计算机E,指数型,19.42%,10.50%,2.77 亿,截至2025-06-30，南方中证全指计算机ETF 的基金机构持有0.54亿份，占总份额的19.42%，个人投资者持有0.29亿份，占总份额的10.50%,计算机,0.320144129955213,0.43568519540733797,0.6774251984377665,1.21042082970191,0.2784563621254956,2024-03-18 至 2025-02-28,229.0,成功
159379,融通中证A500ET,指数型,94.10%,5.90%,2.64 亿,截至2025-06-30，融通中证A500ETF 的基金机构持有3.39亿份，占总份额的94.10%，个人投资者持有0.21亿份，占总份额的5.90%,中证500,,,,,,,,数据不足
512580,广发中证环保ETF,指数型,73.35%,26.65%,12.73 亿,截至2025-06-30，广发中证环保ETF 的基金机构持有9.25亿份，占总份额的73.35%，个人投资者持有3.36亿份，占总份额的26.65%,环保,-0.005401656543821631,0.2613160095353902,-0.11634058165006655,0.9967172708264115,-0.005109008932786208,2017-03-01 至 2025-02-28,1932.0,成功
515300,嘉实沪深300红利低,指数型,94.11%,5.89%,46.70 亿,截至2025-06-30，嘉实沪深300红利低波动ETF 的基金机构持有37.33亿份，占总份额的94.11%，个人投资者持有2.34亿份，占总份额的5.89%,红利,0.05412438706341982,0.1588477910221713,0.18334776250904716,0.5637346258452404,0.05794569249337722,2019-09-20 至 2025-02-28,1316.0,成功
516110,国泰中证800汽车与,指数型,71.10%,20.74%,5.92 亿,截至2025-06-30，国泰中证800汽车与零部件ETF 的基金机构持有2.19亿份，占总份额的71.10%，个人投资者持有0.64亿份，占总份额的20.74%,汽车零部件,0.079968243900983,0.28575873366487403,0.19235892879287278,1.077804267304181,0.19418947786953988,2021-05-10 至 2025-02-28,924.0,成功
560750,申万菱信中证A500,指数型,91.02%,8.98%,2.95 亿,截至2025-06-30，申万菱信中证A500ETF 的基金机构持有0.91亿份，占总份额的91.02%，个人投资者持有0.09亿份，占总份额的8.98%,中证500,,,,,,,,数据不足
515330,天弘沪深300ETF,指数型,17.46%,1.44%,81.80 亿,截至2025-06-30，天弘沪深300ETF 的基金机构持有15.72亿份，占总份额的17.46%，个人投资者持有1.30亿份，占总份额的1.44%,沪深300,0.01584870597602328,0.19646773219318764,-0.046579119745619145,0.9814278466413838,0.02383757454180091,2019-12-27 至 2025-02-28,1251.0,成功
563080,易方达中证A50ET,指数型,92.36%,7.64%,19.95 亿,截至2025-06-30，易方达中证A50ETF 的基金机构持有25.11亿份，占总份额的92.36%，个人投资者持有2.08亿份，占总份额的7.64%,中证A50,0.15210639513791469,0.24025834567747892,0.5290404992155461,1.095433800778365,0.04303097975691261,2024-03-19 至 2025-02-28,229.0,成功
562890,嘉实中证A50ETF,指数型,82.16%,17.84%,3.28 亿,截至2025-06-30，嘉实中证A50ETF 的基金机构持有2.95亿份，占总份额的82.16%，个人投资者持有0.64亿份，占总份额的17.84%,中证A50,0.14967837148978336,0.2285515636466545,0.5455152854807799,1.0437839272405425,0.045900479058159416,2024-03-19 至 2025-02-28,229.0,成功
159625,嘉实国证绿色电力ET,指数型,73.30%,26.70%,13.80 亿,截至2025-06-30，嘉实国证绿色电力ETF 的基金机构持有2.09亿份，占总份额的73.30%，个人投资者持有0.76亿份，占总份额的26.70%,电力,0.022271529716833882,0.17590231045113214,-0.01551128166633219,0.578797028823983,0.043005314204600076,2022-05-05 至 2025-02-28,685.0,成功
512080,中金中证A500ET,指数型,96.55%,3.45%,11.66 亿,截至2025-06-30，中金中证A500ETF 的基金机构持有14.10亿份，占总份额的96.55%，个人投资者持有0.50亿份，占总份额的3.45%,中证500,,,,,,,,数据不足
159593,平安中证A50ETF,指数型,92.25%,7.75%,55.97 亿,截至2025-06-30，平安中证A50ETF 的基金机构持有53.61亿份，占总份额的92.25%，个人投资者持有4.50亿份，占总份额的7.75%,中证A50,0.14099369744544554,0.22764303433918248,0.5095420458708955,1.0479782316097905,0.03770893536322273,2024-03-13 至 2025-02-28,233.0,成功
513070,易方达中证港股通消费,指数型,87.14%,12.86%,8.24 亿,截至2025-06-30，易方达中证港股通消费主题ETF 的基金机构持有4.22亿份，占总份额的87.14%，个人投资者持有0.62亿份，占总份额的12.86%,消费,0.12549039338764434,0.2973915246697926,0.3379060432176856,1.120659232171772,0.17918176869941727,2022-03-25 至 2025-02-28,709.0,成功
159595,大成中证A50ETF,指数型,93.66%,6.34%,24.56 亿,截至2025-06-30，大成中证A50ETF 的基金机构持有33.73亿份，占总份额的93.66%，个人投资者持有2.28亿份，占总份额的6.34%,中证A50,0.1486304128999998,0.2279395572500989,0.5423824385354515,1.0423744602599545,0.04516381249137913,2024-03-19 至 2025-02-28,229.0,成功
510230,国泰上证180金融E,指数型,77.78%,4.46%,46.83 亿,截至2025-06-30，国泰上证180金融ETF 的基金机构持有27.88亿份，占总份额的77.78%，个人投资者持有1.60亿份，占总份额的4.46%,金融,-0.06708854393351427,0.3289107074423654,-0.27998037719599267,0.9210612700496097,-0.01959947615100166,2011-05-24 至 2025-02-28,3344.0,成功
159591,富国中证A50ETF,指数型,78.03%,21.97%,6.41 亿,截至2025-06-30，富国中证A50ETF 的基金机构持有6.54亿份，占总份额的78.03%，个人投资者持有1.84亿份，占总份额的21.97%,中证A50,0.15237033498636698,0.2256836151630632,0.5643756410687506,1.0370545117536814,0.04969528862058925,2024-03-19 至 2025-02-28,229.0,成功
159360,天弘中证A500ET,指数型,13.02%,5.86%,18.54 亿,截至2025-06-30，天弘中证A500ETF 的基金机构持有3.73亿份，占总份额的13.02%，个人投资者持有1.68亿份，占总份额的5.86%,中证500,0.00847680906035797,0.15848440311540107,-0.10425752070764087,1.0437628253436653,0.040782102840756895,2024-11-29 至 2025-02-28,59.0,成功
159358,大成中证A500ET,指数型,95.17%,4.83%,16.75 亿,截至2025-06-30，大成中证A500ETF 的基金机构持有22.55亿份，占总份额的95.17%，个人投资者持有1.14亿份，占总份额的4.83%,中证500,-0.03343870784145575,0.15872404745196408,-0.36817803464305887,1.0487527539401216,0.036615011572444844,2024-12-02 至 2025-02-28,58.0,成功
159506,富国恒生港股通创新药,指数型,84.24%,15.76%,31.38 亿,截至2025-06-30，富国恒生港股通创新药及医疗保健ETF 的基金机构持有14.86亿份，占总份额的84.24%，个人投资者持有2.78亿份，占总份额的15.76%,医药,-0.046172626335807765,0.3161014217575869,-0.22515756474638354,1.1290289694399185,0.006561741543031907,2023-07-04 至 2025-02-28,401.0,成功
561580,华泰柏瑞中证中央企业,指数型,49.67%,35.24%,10.21 亿,截至2025-06-30，华泰柏瑞中证中央企业红利ETF 的基金机构持有2.13亿份，占总份额的49.67%，个人投资者持有1.51亿份，占总份额的35.24%,红利,0.09908731289753159,0.1734070639763567,0.4272450683302791,0.6822642894194781,0.0919234399830351,2023-05-31 至 2025-02-28,423.0,成功
159362,工银中证A500ET,指数型,91.98%,8.02%,15.04 亿,截至2025-06-30，工银中证A500ETF 的基金机构持有20.47亿份，占总份额的91.98%，个人投资者持有1.79亿份，占总份额的8.02%,中证500,-0.05955724238028026,0.15507632280691575,-0.5452621061021791,1.0036998307895955,2.7483854436738397e-05,2024-12-03 至 2025-02-28,57.0,成功
159215,平安中证A500ET,指数型,89.01%,10.99%,18.66 亿,截至2025-06-30，平安中证A500ETF 的基金机构持有17.77亿份，占总份额的89.01%，个人投资者持有2.19亿份，占总份额的10.99%,中证500,,,,,,,,数据不足
159386,永赢中证A500ET,指数型,97.32%,2.68%,2.05 亿,截至2025-06-30，永赢中证A500ETF 的基金机构持有5.21亿份，占总份额的97.32%，个人投资者持有0.14亿份，占总份额的2.68%,中证500,,,,,,,,数据不足
561100,富国中证消费电子主题,指数型,79.23%,20.77%,8.18 亿,截至2025-06-30，富国中证消费电子主题ETF 的基金机构持有4.13亿份，占总份额的79.23%，个人投资者持有1.08亿份，占总份额的20.77%,消费,-0.0035584762634079947,0.30381544296851165,-0.09399942275603114,1.2085438142780702,0.09900213244230449,2022-02-09 至 2025-02-28,741.0,成功
563360,华泰柏瑞中证A500,指数型,83.38%,8.82%,494.50 亿,截至2025-06-30，华泰柏瑞中证A500ETF 的基金机构持有184.17亿份，占总份额的83.38%，个人投资者持有19.48亿份，占总份额的8.82%,中证500,0.10237744719261532,0.18295603887869816,0.42292917832527743,1.025017771711011,0.04006530870839753,2024-10-16 至 2025-02-28,91.0,成功
159592,银华中证A50ETF,指数型,91.96%,8.04%,17.45 亿,截至2025-06-30，银华中证A50ETF 的基金机构持有19.88亿份，占总份额的91.96%，个人投资者持有1.74亿份，占总份额的8.04%,中证A50,0.1526390939969975,0.22972965103682597,0.5556056583071933,1.0457427272584832,0.04636504766057903,2024-03-19 至 2025-02-28,229.0,成功
512020,鹏华中证A500ET,指数型,91.77%,8.23%,22.25 亿,截至2025-06-30，鹏华中证A500ETF 的基金机构持有32.48亿份，占总份额的91.77%，个人投资者持有2.91亿份，占总份额的8.23%,中证500,-0.025795830184990987,0.15393865644613647,-0.3299744934617159,1.0183608226754337,0.03657162455924512,2024-12-03 至 2025-02-28,57.0,成功
159336,融通中证诚通央企红利,指数型,93.28%,6.72%,6.83 亿,截至2025-06-30，融通中证诚通央企红利ETF 的基金机构持有2.29亿份，占总份额的93.28%，个人投资者持有0.17亿份，占总份额的6.72%,红利,,,,,,,,数据不足
159359,华安中证A500ET,指数型,90.34%,9.66%,9.22 亿,截至2025-06-30，华安中证A500ETF 的基金机构持有22.22亿份，占总份额的90.34%，个人投资者持有2.37亿份，占总份额的9.66%,中证500,-0.030220600060927638,0.15927840314112934,-0.3466923259646142,1.0536379354008534,0.030152194148090006,2024-12-03 至 2025-02-28,57.0,成功
563860,海富通中证A500E,指数型,97.17%,2.83%,4.05 亿,截至2025-06-30，海富通中证A500ETF 的基金机构持有8.83亿份，占总份额的97.17%，个人投资者持有0.26亿份，占总份额的2.83%,中证500,,,,,,,,数据不足
515800,添富中证800ETF,指数型,96.14%,3.86%,53.70 亿,截至2025-06-30，添富中证800ETF 的基金机构持有45.18亿份，占总份额的96.14%，个人投资者持有1.81亿份，占总份额的3.86%,宽基,0.005019290327482606,0.20018172471303622,-0.0998128560494724,0.97936570817863,0.014239203732171246,2019-12-17 至 2025-02-28,1259.0,成功
159357,博时中证A500ET,指数型,24.81%,9.34%,20.63 亿,截至2025-06-30，博时中证A500ETF 的基金机构持有8.75亿份，占总份额的24.81%，个人投资者持有3.30亿份，占总份额的9.34%,中证500,0.0,0.1591786843704631,-0.15705620447155144,1.0499225696489745,0.019111452217689617,2024-11-29 至 2025-02-28,59.0,成功
515010,华夏中证全指证券公司,指数型,30.03%,25.25%,19.62 亿,截至2025-06-30，华夏中证全指证券公司ETF 的基金机构持有3.03亿份，占总份额的30.03%，个人投资者持有2.55亿份，占总份额的25.25%,证券,0.05592393665950146,0.2893689455177863,0.10686681186250753,1.1882871314511272,0.08151087537511748,2019-11-08 至 2025-02-28,1286.0,成功
159356,万家中证A500ET,指数型,53.36%,3.65%,17.59 亿,截至2025-06-30，万家中证A500ETF 的基金机构持有23.93亿份，占总份额的53.36%，个人投资者持有1.64亿份，占总份额的3.65%,中证500,-0.05529883074145925,0.15553100883155205,-0.5162882395267361,1.013661082931241,0.03638505744578868,2024-12-09 至 2025-02-28,53.0,成功
513820,汇添富中证港股通高股,指数型,81.32%,18.68%,45.70 亿,截至2025-06-30，汇添富中证港股通高股息投资ETF 的基金机构持有20.57亿份，占总份额的81.32%，个人投资者持有4.73亿份，占总份额的18.68%,高股息,0.024874346158200833,0.20766291684176633,-0.0006050856056062882,0.5655037771205685,-0.001620823563092011,2024-05-17 至 2025-02-28,191.0,成功
516310,易方达中证银行ETF,指数型,92.48%,7.52%,26.30 亿,截至2025-06-30，易方达中证银行ETF 的基金机构持有13.02亿份，占总份额的92.48%，个人投资者持有1.06亿份，占总份额的7.52%,银行,0.05908569791180662,0.17277649661648975,0.1972820295544382,0.570481445621602,0.11804538717247581,2021-05-31 至 2025-02-28,909.0,成功
516350,易方达中证芯片产业E,指数型,56.02%,43.98%,13.04 亿,截至2025-06-30，易方达中证芯片产业ETF 的基金机构持有6.77亿份，占总份额的56.02%，个人投资者持有5.31亿份，占总份额的43.98%,芯片,-0.03443554460058573,0.3332865573546759,-0.17833165871534326,1.0898411881262542,0.08934169190576235,2021-12-24 至 2025-02-28,768.0,成功
561230,工银瑞信中证A50E,指数型,93.48%,6.52%,8.91 亿,截至2025-06-30，工银瑞信中证A50ETF 的基金机构持有13.07亿份，占总份额的93.48%，个人投资者持有0.91亿份，占总份额的6.52%,中证A50,0.12096619261023323,0.2298032306590359,0.4176015817315483,1.0433766442189558,0.01791413701407829,2024-03-19 至 2025-02-28,229.0,成功
563900,摩根沪深300自由现,指数型,80.06%,19.94%,4.54 亿,截至2025-06-30，摩根沪深300自由现金流ETF 的基金机构持有1.06亿份，占总份额的80.06%，个人投资者持有0.27亿份，占总份额的19.94%,自由现金流,,,,,,,,数据不足
159352,南方中证A500ET,指数型,70.74%,6.95%,480.14 亿,截至2025-06-30，南方中证A500ETF 的基金机构持有123.60亿份，占总份额的70.74%，个人投资者持有12.15亿份，占总份额的6.95%,中证500,0.10302996312479307,0.18277898448188196,0.4269088338901884,1.0193992595252164,0.06447762701660298,2024-10-16 至 2025-02-28,91.0,成功
563220,富国中证A500ET,指数型,94.20%,5.80%,142.51 亿,截至2025-06-30，富国中证A500ETF 的基金机构持有130.89亿份，占总份额的94.20%，个人投资者持有8.06亿份，占总份额的5.80%,中证500,0.10424808605211555,0.18048062330436024,0.4390947050225585,1.01151985101295,0.0684725461041733,2024-10-16 至 2025-02-28,91.0,成功
562970,易方达中证光伏产业E,指数型,53.66%,46.34%,6.08 亿,截至2025-06-30，易方达中证光伏产业ETF 的基金机构持有1.01亿份，占总份额的53.66%，个人投资者持有0.87亿份，占总份额的46.34%,新能源,-0.44421190370322694,0.25159235428845744,-1.8649688502269144,1.2546605578951469,-0.2540929687922783,2024-11-08 至 2025-02-28,74.0,成功
563880,汇添富中证A500E,指数型,92.29%,7.71%,32.74 亿,截至2025-06-30，汇添富中证A500ETF 的基金机构持有53.23亿份，占总份额的92.29%，个人投资者持有4.45亿份，占总份额的7.71%,中证500,0.08667419663924636,0.15608664094874736,0.3951279639587972,1.0183185817221143,0.030628600338142187,2024-11-26 至 2025-02-28,62.0,成功
159673,鹏华沪深300ETF,指数型,97.47%,2.53%,23.43 亿,截至2025-06-30，鹏华沪深300ETF 的基金机构持有26.18亿份，占总份额的97.47%，个人投资者持有0.68亿份，占总份额的2.53%,沪深300,0.0275330772413942,0.20381817721196457,0.012428122339450991,1.0502463209898212,0.024697581280602288,2023-07-18 至 2025-02-28,391.0,成功
516970,广发中证基建工程ET,指数型,85.79%,14.21%,19.71 亿,截至2025-06-30，广发中证基建工程ETF 的基金机构持有17.93亿份，占总份额的85.79%，个人投资者持有2.97亿份，占总份额的14.21%,基建,0.02339577248800806,0.25843709371561857,-0.006207419720317767,0.9081645759995668,0.11861019884445323,2021-07-06 至 2025-02-28,884.0,成功
512720,国泰中证计算机ETF,指数型,53.39%,28.33%,8.01 亿,截至2025-06-30，国泰中证计算机ETF 的基金机构持有6.53亿份，占总份额的53.39%，个人投资者持有3.47亿份，占总份额的28.33%,计算机,0.021795572191473767,0.32473373267549466,-0.009867862454956008,1.1736802216949773,0.05285647773178481,2019-08-19 至 2025-02-28,1339.0,成功
159361,易方达中证A500E,指数型,92.09%,7.91%,338.63 亿,截至2025-06-30，易方达中证A500ETF 的基金机构持有128.51亿份，占总份额的92.09%，个人投资者持有11.04亿份，占总份额的7.91%,中证500,-0.0748925102230269,0.16838306726741548,-0.5932455789297616,1.0521615417501837,0.027310465506470427,2024-11-20 至 2025-02-28,66.0,成功
560700,广发中证国新央企股东,指数型,81.56%,18.44%,4.75 亿,截至2025-06-30，广发中证国新央企股东回报ETF 的基金机构持有5.82亿份，占总份额的81.56%，个人投资者持有1.32亿份，占总份额的18.44%,国央企,0.010275929137461448,0.19418939561702322,-0.07582324882238728,0.7865639589643988,0.007791906946216232,2023-06-07 至 2025-02-28,418.0,成功
560350,摩根中证A50ETF,指数型,60.07%,27.58%,20.57 亿,截至2025-06-30，摩根中证A50ETF 的基金机构持有13.87亿份，占总份额的60.07%，个人投资者持有6.37亿份，占总份额的27.58%,中证A50,0.1064243663063622,0.22434215608427094,0.36294723973222537,1.0303689935717426,0.008339542268500644,2024-03-13 至 2025-02-28,233.0,成功
510320,中金沪深300ETF,指数型,95.94%,4.06%,5.17 亿,截至2025-06-30，中金沪深300ETF 的基金机构持有4.47亿份，占总份额的95.94%，个人投资者持有0.19亿份，占总份额的4.06%,沪深300,,,,,,,,数据不足
562950,易方达中证消费电子主,指数型,87.92%,12.08%,11.08 亿,截至2025-06-30，易方达中证消费电子主题ETF 的基金机构持有3.11亿份，占总份额的87.92%，个人投资者持有0.43亿份，占总份额的12.08%,消费,-0.021136667239003426,0.29712988548130914,-0.15527440857814903,1.1621401802458378,0.08513190819101335,2022-01-21 至 2025-02-28,749.0,成功
159353,景顺长城中证A500,指数型,52.48%,6.31%,51.11 亿,截至2025-06-30，景顺长城中证A500ETF 的基金机构持有61.67亿份，占总份额的52.48%，个人投资者持有7.42亿份，占总份额的6.31%,中证500,0.10328489139911956,0.1808407413677474,0.4328941078599312,1.008850346275801,0.05203385692007356,2024-10-16 至 2025-02-28,91.0,成功
560530,摩根中证A500ET,指数型,49.22%,15.53%,45.86 亿,截至2025-06-30，摩根中证A500ETF 的基金机构持有36.45亿份，占总份额的49.22%，个人投资者持有11.50亿份，占总份额的15.53%,中证500,0.09269358617246248,0.18191094322914972,0.37212487039435654,1.0172288173692507,0.045102321702311654,2024-10-16 至 2025-02-28,91.0,成功
159339,银华中证A500ET,指数型,84.52%,15.48%,32.72 亿,截至2025-06-30，银华中证A500ETF 的基金机构持有53.57亿份，占总份额的84.52%，个人投资者持有9.81亿份，占总份额的15.48%,中证500,0.104314037615032,0.17574319307551656,0.4513064558975601,0.9799124183464215,0.06243016398621104,2024-10-16 至 2025-02-28,91.0,成功
560810,融通中证诚通央企ES,指数型,82.38%,17.62%,8.97 亿,截至2025-06-30，融通中证诚通央企ESGETF 的基金机构持有4.21亿份，占总份额的82.38%，个人投资者持有0.90亿份，占总份额的17.62%,国央企,-0.16263775830963612,0.15315236087370232,-1.2251705245626106,0.8690466666168876,-0.07651063878098785,2024-12-10 至 2025-02-28,52.0,成功
512390,平安MSCI中国A股,指数型,99.61%,0.39%,2.04 亿,截至2025-06-30，平安MSCI中国A股ETF 的基金机构持有1.65亿份，占总份额的99.61%，个人投资者持有0.01亿份，占总份额的0.39%,MSCI,0.01983032516733685,0.2366910963614741,-0.02184144191367485,0.6925957362160013,0.01880757325067184,2018-07-16 至 2025-02-28,1507.0,成功
159351,嘉实中证A500ET,指数型,95.96%,4.04%,105.89 亿,截至2025-06-30，嘉实中证A500ETF 的基金机构持有172.26亿份，占总份额的95.96%，个人投资者持有7.25亿份，占总份额的4.04%,中证500,0.102721864457884,0.1809866176233631,0.4294343166279002,1.0118305327108512,0.051531738322948106,2024-10-16 至 2025-02-28,91.0,成功
516950,银华中证基建ETF,指数型,56.09%,43.91%,2.83 亿,截至2025-06-30，银华中证基建ETF 的基金机构持有2.44亿份，占总份额的56.09%，个人投资者持有1.91亿份，占总份额的43.91%,基建,0.013915697087249601,0.23579041710944532,-0.04700913229906825,0.9195758487925088,0.10045898914890472,2021-05-17 至 2025-02-28,919.0,成功
159338,国泰中证A500ET,指数型,59.77%,33.98%,373.59 亿,截至2025-06-30，国泰中证A500ETF 的基金机构持有113.65亿份，占总份额的59.77%，个人投资者持有64.61亿份，占总份额的33.98%,中证500,0.10216829573036956,0.18683891128717656,0.41302047415465704,1.0427997635149489,0.0470780587654418,2024-10-16 至 2025-02-28,91.0,成功
515220,国泰中证煤炭ETF,指数型,45.62%,30.13%,86.40 亿,截至2025-06-30，国泰中证煤炭ETF 的基金机构持有19.42亿份，占总份额的45.62%，个人投资者持有12.83亿份，占总份额的30.13%,煤炭,-0.0043453910237019056,0.4019674130445987,-0.07300440302220719,0.7166095083509518,0.090008913474253,2020-03-03 至 2025-02-28,1211.0,成功
159217,工银国证港股通创新药,指数型,95.73%,4.27%,47.51 亿,截至2025-06-30，工银国证港股通创新药ETF 的基金机构持有36.02亿份，占总份额的95.73%，个人投资者持有1.61亿份，占总份额的4.27%,创新药,,,,,,,,数据不足
563800,广发中证A500ET,指数型,94.08%,5.92%,216.25 亿,截至2025-06-30，广发中证A500ETF 的基金机构持有180.00亿份，占总份额的94.08%，个人投资者持有11.33亿份，占总份额的5.92%,中证500,-0.057047395360861675,0.16618491776571134,-0.4937114418321202,1.0423742725683414,0.037958202713243905,2024-11-19 至 2025-02-28,67.0,成功
512050,华夏中证A500ET,指数型,61.79%,11.74%,420.34 亿,截至2025-06-30，华夏中证A500ETF 的基金机构持有102.19亿份，占总份额的61.79%，个人投资者持有19.41亿份，占总份额的11.74%,中证500,-0.023014146992008655,0.16447584869841136,-0.29192217199042436,1.0379205874001713,0.023753543023348422,2024-11-18 至 2025-02-28,68.0,成功
159549,天弘中证红利低波动1,指数型,1.21%,0.91%,50.17 亿,截至2025-06-30，天弘中证红利低波动100ETF 的基金机构持有0.41亿份，占总份额的1.21%，个人投资者持有0.30亿份，占总份额的0.91%,红利,0.09114852717224808,0.17476034715684777,0.37850993230678154,0.6799886323097576,0.015315152786318897,2023-12-12 至 2025-02-28,292.0,成功
513260,汇添富恒生科技ETF,指数型,61.07%,38.93%,71.75 亿,截至2025-06-30，汇添富恒生科技ETF(QDII) 的基金机构持有19.54亿份，占总份额的61.07%，个人投资者持有12.46亿份，占总份额的38.93%,QDII,0.18821411398959254,0.3507844571377009,0.46528319789699984,1.363080461082156,0.2618727935536802,2022-09-14 至 2025-02-28,593.0,成功
159940,广发中证全指金融地产,指数型,93.16%,6.84%,6.55 亿,截至2025-06-30，广发中证全指金融地产ETF 的基金机构持有7.44亿份，占总份额的93.16%，个人投资者持有0.55亿份，占总份额的6.84%,金融,0.016783170854769436,0.23150484741420568,-0.03549311920250686,0.8616080793847123,0.03375370479221229,2015-04-20 至 2025-02-28,2396.0,成功
159547,华夏中证红利低波动E,指数型,20.92%,10.55%,8.97 亿,截至2025-06-30，华夏中证红利低波动ETF 的基金机构持有0.48亿份，占总份额的20.92%，个人投资者持有0.24亿份，占总份额的10.55%,红利,0.10418913136481334,0.17058093282739126,0.4642320220217335,0.5306055757718121,0.044804630253789224,2024-02-07 至 2025-02-28,251.0,成功
562960,易方达中证绿色电力E,指数型,85.45%,14.55%,2.11 亿,截至2025-06-30，易方达中证绿色电力ETF 的基金机构持有0.63亿份，占总份额的85.45%，个人投资者持有0.11亿份，占总份额的14.55%,电力,0.003312730543497011,0.17127405758423883,-0.12662320121560966,0.5140968815124921,0.02845605006168417,2023-04-13 至 2025-02-28,454.0,成功
159312,广发恒指港股通ETF,指数型,58.27%,41.73%,2.53 亿,截至2025-06-30，广发恒指港股通ETF 的基金机构持有0.27亿份，占总份额的58.27%，个人投资者持有0.19亿份，占总份额的41.73%,国际,0.6056628307504808,0.2071376834873726,2.8032698878081193,0.8621799044941021,0.8115145767994456,2024-11-11 至 2025-02-28,73.0,成功
560610,招商中证A500ET,指数型,80.98%,19.02%,56.64 亿,截至2025-06-30，招商中证A500ETF 的基金机构持有73.16亿份，占总份额的80.98%，个人投资者持有17.19亿份，占总份额的19.02%,中证500,0.10216829573036956,0.18149862134784225,0.425172903007767,1.0180669742402733,0.05966491190330925,2024-10-16 至 2025-02-28,91.0,成功
560510,泰康中证A500ET,指数型,86.57%,13.43%,35.05 亿,截至2025-06-30，泰康中证A500ETF 的基金机构持有55.86亿份，占总份额的86.57%，个人投资者持有8.66亿份，占总份额的13.43%,中证500,0.0893455175248572,0.17698582681033465,0.36356310945628734,0.9882848387539134,0.047768305604086736,2024-10-16 至 2025-02-28,91.0,成功
560090,汇添富中证全指证券公,指数型,73.03%,26.97%,35.05 亿,截至2025-06-30，汇添富中证全指证券公司ETF 的基金机构持有14.82亿份，占总份额的73.03%，个人投资者持有5.47亿份，占总份额的26.97%,证券,0.11989456511375929,0.2994629144572402,0.3168825271261064,1.3421702840567138,0.1595276063865252,2023-03-16 至 2025-02-28,473.0,成功
563020,易方达中证红利低波动,指数型,51.00%,49.00%,47.17 亿,截至2025-06-30，易方达中证红利低波动ETF 的基金机构持有8.66亿份，占总份额的51.00%，个人投资者持有8.33亿份，占总份额的49.00%,红利,0.12744239499328458,0.17905723711946364,0.5721209409979723,0.5733550476907423,0.04621866158545718,2023-12-15 至 2025-02-28,289.0,成功
159390,国联中证A50ETF,指数型,72.38%,12.66%,2.95 亿,截至2025-06-30，国联中证A50ETF 的基金机构持有2.10亿份，占总份额的72.38%，个人投资者持有0.37亿份，占总份额的12.66%,中证A50,,,,,,,,数据不足
513040,易方达中证港股通互联,指数型,72.52%,27.48%,79.08 亿,截至2025-06-30，易方达中证港股通互联网ETF 的基金机构持有3.70亿份，占总份额的72.52%，个人投资者持有1.40亿份，占总份额的27.48%,互联网,0.20130727275141025,0.3343604007491046,0.5272971092163113,1.2160031556068842,0.25288764359492855,2023-06-13 至 2025-02-28,414.0,成功
513120,广发中证香港创新药E,指数型,58.60%,41.40%,234.03 亿,截至2025-06-30，广发中证香港创新药ETF(QDII) 的基金机构持有69.43亿份，占总份额的58.60%，个人投资者持有49.06亿份，占总份额的41.40%,创新药,-0.04662057579948553,0.34532472871969727,-0.20740065753478226,1.1782021024826086,0.04528555939848955,2022-07-13 至 2025-02-28,637.0,成功
530680,兴业上证180ETF,指数型,85.40%,14.60%,2.59 亿,截至2025-06-30，兴业上证180ETF 的基金机构持有4.00亿份，占总份额的85.40%，个人投资者持有0.68亿份，占总份额的14.60%,上证180,0.2489160258676768,0.12062643606743999,1.8562765606578109,0.8185697938822278,0.029887802136670416,2025-01-09 至 2025-02-28,31.0,成功
516570,易方达中证石化产业E,指数型,81.43%,18.57%,2.03 亿,截至2025-06-30，易方达中证石化产业ETF 的基金机构持有0.70亿份，占总份额的81.43%，个人投资者持有0.16亿份，占总份额的18.57%,能源,-0.0770075174008068,0.21605232713673972,-0.47214264596301314,0.9006696086546305,-0.004424445947546318,2021-06-21 至 2025-02-28,895.0,成功
563520,沪深300ETF永赢,指数型,83.78%,16.22%,5.02 亿,截至2025-06-30，沪深300ETF永赢 的基金机构持有8.35亿份，占总份额的83.78%，个人投资者持有1.62亿份，占总份额的16.22%,沪深300,-0.045101473386710444,0.1485851452887357,-0.4717932822321294,0.9277837642713914,0.022360943109499543,2024-11-19 至 2025-02-28,67.0,成功
513690,博时恒生高股息ETF,指数型,86.44%,5.59%,55.26 亿,截至2025-06-30，博时恒生高股息ETF 的基金机构持有35.23亿份，占总份额的86.44%，个人投资者持有2.28亿份，占总份额的5.59%,高股息,-0.020203188934532768,0.2097034275475245,-0.21555770195643797,0.6704963478302118,0.04450432983483976,2021-05-21 至 2025-02-28,915.0,成功
159148,富国国证石油天然气E,指数型,70.20%,29.80%,2.10 亿,截至2026-02-04，富国国证石油天然气ETF 的基金机构持有1.48亿份，占总份额的70.20%，个人投资者持有0.63亿份，占总份额的29.80%,能源,,,,,,,,数据不足
512890,华泰柏瑞中证红利低波,指数型,36.33%,18.54%,267.54 亿,截至2025-06-30，华泰柏瑞中证红利低波ETF 的基金机构持有57.45亿份，占总份额的36.33%，个人投资者持有29.31亿份，占总份额的18.54%,红利,0.01332954750578974,0.2768982591591727,-0.04214707788213864,0.5941963774453752,0.03321385970051649,2019-01-21 至 2025-02-28,1478.0,成功
159207,广发中证智选高股息策,指数型,54.10%,45.90%,4.57 亿,截至2025-06-30，广发中证智选高股息策略ETF 的基金机构持有1.90亿份，占总份额的54.10%，个人投资者持有1.61亿份，占总份额的45.90%,高股息,,,,,,,,数据不足
159732,华夏国证消费电子主题,指数型,57.93%,32.46%,30.20 亿,截至2025-06-30，华夏国证消费电子主题ETF 的基金机构持有13.92亿份，占总份额的57.93%，个人投资者持有7.80亿份，占总份额的32.46%,消费,-0.044118586824847705,0.30320574798656147,-0.22795935526892167,1.2385622395161142,0.0648560643629359,2021-08-24 至 2025-02-28,849.0,成功
560150,泰康中证红利低波动E,指数型,97.46%,2.54%,8.57 亿,截至2025-06-30，泰康中证红利低波动ETF 的基金机构持有6.78亿份，占总份额的97.46%，个人投资者持有0.18亿份，占总份额的2.54%,红利,0.07329003010589852,0.189505524234547,0.2548212264573932,0.5977196145527043,0.0011987548235183887,2024-04-09 至 2025-02-28,216.0,成功
560170,南方中证国新央企科技,指数型,63.36%,34.68%,13.46 亿,截至2025-06-30，南方中证国新央企科技引领ETF 的基金机构持有10.36亿份，占总份额的63.36%，个人投资者持有5.67亿份，占总份额的34.68%,国央企,-0.08489721642021009,0.2825560904456864,-0.38893947126344025,1.153899416194901,-0.081003172513471,2023-07-07 至 2025-02-28,398.0,成功
515250,富国中证智能汽车主题,指数型,57.98%,42.02%,6.80 亿,截至2025-06-30，富国中证智能汽车主题ETF 的基金机构持有4.30亿份，占总份额的57.98%，个人投资者持有3.11亿份，占总份额的42.02%,汽车,-0.005211817520980877,0.3084352893693016,-0.09795188346560141,1.171816674084346,0.13671670638245592,2021-01-11 至 2025-02-28,1000.0,成功
159656,万家沪深300成长E,指数型,46.16%,37.99%,2.42 亿,截至2025-06-30，万家沪深300成长ETF 的基金机构持有0.72亿份，占总份额的46.16%，个人投资者持有0.59亿份，占总份额的37.99%,沪深300,-0.09213176477855023,0.22623762859341728,-0.5177377676153663,1.1854890977864765,-0.05099455759794702,2023-01-17 至 2025-02-28,510.0,成功
520900,广发中证国新港股通央,指数型,87.34%,12.66%,19.44 亿,截至2025-06-30，广发中证国新港股通央企红利ETF 的基金机构持有17.64亿份，占总份额的87.34%，个人投资者持有2.56亿份，占总份额的12.66%,国央企,-0.10936038795956782,0.2305305991295574,-0.5828310361699869,0.5391880028346527,-0.1820230687726958,2024-07-11 至 2025-02-28,153.0,成功
512570,易方达中证全指证券公,指数型,86.90%,13.10%,22.94 亿,截至2025-06-30，易方达中证全指证券公司ETF 的基金机构持有9.60亿份，占总份额的86.90%，个人投资者持有1.45亿份，占总份额的13.10%,证券,0.014990909292930343,0.28995013785010504,-0.034520041208754446,1.0999077391369485,0.026752038685607715,2017-08-14 至 2025-02-28,1827.0,成功
159611,广发中证全指电力公用,指数型,69.43%,30.57%,36.90 亿,截至2025-06-30，广发中证全指电力公用事业ETF 的基金机构持有23.74亿份，占总份额的69.43%，个人投资者持有10.45亿份，占总份额的30.57%,电力,-0.0046240958878872584,0.20381471825988356,-0.14534816788900232,0.5955027308350265,0.04621107759241605,2022-01-10 至 2025-02-28,758.0,成功
513550,华泰柏瑞中证港股通5,指数型,80.23%,19.77%,26.80 亿,截至2025-06-30，华泰柏瑞中证港股通50ETF 的基金机构持有17.31亿份，占总份额的80.23%，个人投资者持有4.27亿份，占总份额的19.77%,宽基,-0.007594837049844094,0.23398785784828569,-0.13930140371205976,0.8569939623129124,0.08222367633723993,2021-01-14 至 2025-02-28,997.0,成功
159971,富国创业板ETF,指数型,90.21%,9.79%,20.80 亿,截至2025-06-30，富国创业板ETF 的基金机构持有14.92亿份，占总份额的90.21%，个人投资者持有1.62亿份，占总份额的9.79%,创业板,0.0627247721649209,0.2991981043294831,0.1260862673226619,1.308137446477543,0.08513438978045951,2019-07-03 至 2025-02-28,1370.0,成功
520660,南方中证国新港股通央,指数型,77.10%,18.63%,27.95 亿,截至2025-06-30，南方中证国新港股通央企红利ETF 的基金机构持有8.63亿份，占总份额的77.10%，个人投资者持有2.09亿份，占总份额的18.63%,国央企,-0.09695688988412365,0.22874109866324654,-0.5331656208562197,0.5373717690205876,-0.16620410280961917,2024-07-11 至 2025-02-28,153.0,成功
516660,华安中证新能源汽车E,指数型,63.36%,36.64%,2.94 亿,截至2025-06-30，华安中证新能源汽车ETF 的基金机构持有2.53亿份，占总份额的63.36%，个人投资者持有1.46亿份，占总份额的36.64%,汽车,-0.04646532004098991,0.3311877380876929,-0.21578492142745664,1.2554206256730867,0.10411681439409737,2021-03-01 至 2025-02-28,970.0,成功
159525,富国中证红利低波动E,指数型,60.37%,39.63%,3.39 亿,截至2025-06-30，富国中证红利低波动ETF 的基金机构持有1.37亿份，占总份额的60.37%，个人投资者持有0.90亿份，占总份额的39.63%,红利,-0.005240741544846106,0.1891202610249012,-0.15990217748728863,0.5940011244589224,-0.040779671735606815,2024-05-21 至 2025-02-28,189.0,成功
520990,景顺长城中证国新港股,指数型,83.48%,9.27%,56.81 亿,截至2025-06-30，景顺长城中证国新港股通央企红利ETF 的基金机构持有40.49亿份，占总份额的83.48%，个人投资者持有4.50亿份，占总份额的9.27%,国央企,-0.07785068459285849,0.22715710094521044,-0.45277336330183987,0.513344512701932,-0.15413044891154515,2024-07-11 至 2025-02-28,153.0,成功
510900,易方达恒生国企(QD,指数型,72.14%,27.86%,78.70 亿,截至2025-06-30，易方达恒生国企(QDII-ETF) 的基金机构持有58.28亿份，占总份额的72.14%，个人投资者持有22.50亿份，占总份额的27.86%,国央企,0.008271602261374467,0.23685465905132602,-0.0706272690840357,0.7245070985563296,-0.012604453709568642,2012-10-23 至 2025-02-28,2999.0,成功
515880,国泰中证全指通信设备,指数型,49.09%,27.41%,136.38 亿,截至2025-06-30，国泰中证全指通信设备ETF 的基金机构持有9.12亿份，占总份额的49.09%，个人投资者持有5.09亿份，占总份额的27.41%,通信,0.03242777577111,0.32360924320315204,0.02295291598468672,1.0738142558979926,0.08291490118322975,2019-09-09 至 2025-02-28,1324.0,成功
512980,广发中证传媒ETF,指数型,70.54%,29.46%,26.43 亿,截至2025-06-30，广发中证传媒ETF 的基金机构持有21.09亿份，占总份额的70.54%，个人投资者持有8.81亿份，占总份额的29.46%,传媒,-0.03273590834464879,0.314420004922866,-0.18362670135703565,1.0327532287977734,0.013568649960697288,2018-01-22 至 2025-02-28,1721.0,成功
516200,华安中证全指证券公司,指数型,89.84%,10.16%,3.78 亿,截至2025-06-30，华安中证全指证券公司ETF 的基金机构持有3.16亿份，占总份额的89.84%，个人投资者持有0.36亿份，占总份额的10.16%,证券,0.010474480196342562,0.2646957626539702,-0.05487628384382665,1.134374590936618,0.1118173732948815,2021-03-23 至 2025-02-28,954.0,成功
159842,银华中证全指证券公司,指数型,50.82%,49.18%,105.86 亿,截至2025-06-30，银华中证全指证券公司ETF 的基金机构持有12.86亿份，占总份额的50.82%，个人投资者持有12.44亿份，占总份额的49.18%,证券,0.016412580753885297,0.2680210644166608,-0.03204009082198425,1.1478953036998907,0.11995567802690288,2021-03-22 至 2025-02-28,955.0,成功
159755,广发国证新能源车电池,指数型,56.43%,43.57%,140.86 亿,截至2025-06-30，广发国证新能源车电池ETF 的基金机构持有26.19亿份，占总份额的56.43%，个人投资者持有20.22亿份，占总份额的43.57%,新能源,-0.10070682792944263,0.35257573662589325,-0.3565385103706841,1.318807463162207,0.04491083864011225,2021-06-25 至 2025-02-28,891.0,成功
159998,天弘中证计算机ETF,指数型,39.02%,10.39%,23.61 亿,截至2025-06-30，天弘中证计算机ETF 的基金机构持有14.32亿份，占总份额的39.02%，个人投资者持有3.81亿份，占总份额的10.39%,计算机,-0.001301791237998784,0.30553554746176637,-0.08608422639035183,1.1117135272340193,0.02411920935943246,2020-04-14 至 2025-02-28,1182.0,成功
561990,招商沪深300增强策,指数型,61.15%,38.85%,6.33 亿,截至2025-06-30，招商沪深300增强策略ETF 的基金机构持有4.74亿份，占总份额的61.15%，个人投资者持有3.01亿份，占总份额的38.85%,沪深300,-0.05290391625684143,0.19205015292506505,-0.4056436043934748,1.005070666264384,0.032725464743293964,2021-12-13 至 2025-02-28,777.0,成功
563000,易方达MSCI中国A,指数型,58.42%,41.58%,26.17 亿,截至2025-06-30，易方达MSCI中国A50互联互通ETF 的基金机构持有27.26亿份，占总份额的58.42%，个人投资者持有19.40亿份，占总份额的41.58%,MSCI,-0.05544526810370509,0.1930266570538351,-0.4167572983521593,1.0147896570858226,0.013872173148730349,2021-11-09 至 2025-02-28,801.0,成功
513230,华夏中证港股通消费主,指数型,46.37%,29.64%,3.27 亿,截至2025-06-30，华夏中证港股通消费主题ETF 的基金机构持有1.59亿份，占总份额的46.37%，个人投资者持有1.02亿份，占总份额的29.64%,消费,0.023942409923743302,0.3182554210266985,-0.003323085818443853,1.1763025353332908,0.1390861796756091,2022-01-25 至 2025-02-28,747.0,成功
560570,国联安中证A500红,指数型,98.93%,1.07%,16.57 亿,截至2025-09-11，国联安中证A500红利低波ETF 的基金机构持有12.33亿份，占总份额的98.93%，个人投资者持有0.13亿份，占总份额的1.07%,红利,,,,,,,,数据不足
513200,易方达中证港股通医药,指数型,86.83%,13.17%,17.97 亿,截至2025-06-30，易方达中证港股通医药卫生综合ETF 的基金机构持有20.01亿份，占总份额的86.83%，个人投资者持有3.03亿份，占总份额的13.17%,医药,-0.05250412480733002,0.34949693769805623,-0.22175909556692253,1.2325830906137496,0.05891274499950505,2022-02-14 至 2025-02-28,738.0,成功
159699,广发恒生消费(QDI,指数型,67.65%,32.35%,11.73 亿,截至2025-06-30，广发恒生消费(QDII-ETF) 的基金机构持有7.52亿份，占总份额的67.65%，个人投资者持有3.60亿份，占总份额的32.35%,消费,-0.011262448226586286,0.24833450788052006,-0.14602259080334118,0.8145933516192554,-0.008644142659673837,2023-08-24 至 2025-02-28,364.0,成功
560080,汇添富中证中药ETF,指数型,60.18%,39.82%,24.52 亿,截至2025-06-30，汇添富中证中药ETF 的基金机构持有10.39亿份，占总份额的60.18%，个人投资者持有6.87亿份，占总份额的39.82%,中药,-0.031803442813022276,0.25548346756443313,-0.2223370590454993,0.8495355212984336,-0.0014519142384972206,2022-10-18 至 2025-02-28,574.0,成功
560050,汇添富MSCI中国A,指数型,61.51%,38.49%,40.40 亿,截至2025-06-30，汇添富MSCI中国A50互联互通ETF 的基金机构持有32.46亿份，占总份额的61.51%，个人投资者持有20.31亿份，占总份额的38.49%,MSCI,-0.057188270414941234,0.19177758614720358,-0.428560355076404,1.003823407148775,0.011474395176813479,2021-11-09 至 2025-02-28,801.0,成功
512670,鹏华中证国防ETF,指数型,63.21%,36.79%,37.27 亿,截至2025-06-30，鹏华中证国防ETF 的基金机构持有46.13亿份，占总份额的63.21%，个人投资者持有26.85亿份，占总份额的36.79%,军工,-0.06858602373617428,0.3914011688378289,-0.23910512074875848,0.9903067790712492,-0.01195642717823664,2019-08-02 至 2025-02-28,1349.0,成功
516020,华宝化工ETF,指数型,61.26%,38.74%,37.93 亿,截至2025-06-30，华宝化工ETF 的基金机构持有4.43亿份，占总份额的61.26%，个人投资者持有2.80亿份，占总份额的38.74%,化工,-0.09138665129482804,0.23754760850609397,-0.4899508440719254,1.0040438678016785,-0.02453660905220445,2021-03-09 至 2025-02-28,964.0,成功
561300,国泰沪深300增强策,指数型,69.81%,28.60%,6.50 亿,截至2025-06-30，国泰沪深300增强策略ETF 的基金机构持有12.22亿份，占总份额的69.81%，个人投资者持有5.01亿份，占总份额的28.60%,沪深300,-0.06240176146109022,0.17754830799922425,-0.4922703147442672,0.905709495880695,0.015436296718700948,2021-12-13 至 2025-02-28,777.0,成功
588700,嘉实上证科创板生物医,指数型,52.12%,47.88%,2.51 亿,截至2025-06-30，嘉实上证科创板生物医药ETF 的基金机构持有1.04亿份，占总份额的52.12%，个人投资者持有0.96亿份，占总份额的47.88%,生物医药,-0.01076761837515161,0.42684284658486304,-0.08379575448276945,1.677266765485183,-0.19379233868321322,2024-01-08 至 2025-02-28,274.0,成功
517330,易方达中证长江保护主,指数型,99.76%,0.24%,16.71 亿,截至2025-06-30，易方达中证长江保护主题ETF 的基金机构持有18.22亿份，占总份额的99.76%，个人投资者持有0.04亿份，占总份额的0.24%,环保,-0.0975522099062579,0.19656164207722412,-0.623479782785444,0.9101387286407747,-0.030760037158062303,2022-01-06 至 2025-02-28,756.0,成功
517160,南方中证长江保护主题,指数型,98.34%,0.20%,16.52 亿,截至2025-06-30，南方中证长江保护主题ETF 的基金机构持有18.08亿份，占总份额的98.34%，个人投资者持有0.04亿份，占总份额的0.20%,环保,-0.09909983264744004,0.1973976020934677,-0.6286795347629339,0.9283569428936367,-0.03293714711692386,2022-01-06 至 2025-02-28,757.0,成功
159954,南方恒生中国企业ET,指数型,26.44%,16.18%,3.37 亿,截至2025-06-30，南方恒生中国企业ETF 的基金机构持有1.12亿份，占总份额的26.44%，个人投资者持有0.68亿份，占总份额的16.18%,国央企,-0.005212503488045028,0.22688233887295636,-0.13316375191707908,0.8153594427984723,0.010235320992177721,2018-03-16 至 2025-02-28,1687.0,成功
513970,景顺长城恒生消费ET,指数型,46.01%,33.32%,29.35 亿,截至2025-06-30，景顺长城恒生消费ETF(QDII) 的基金机构持有7.95亿份，占总份额的46.01%，个人投资者持有5.76亿份，占总份额的33.32%,消费,-0.04582110349870461,0.24601793283706933,-0.2878696795879811,0.8555974323875256,-0.025213108340930823,2023-04-24 至 2025-02-28,447.0,成功
159796,汇添富中证电池主题E,指数型,77.59%,22.41%,93.91 亿,截至2025-06-30，汇添富中证电池主题ETF 的基金机构持有13.94亿份，占总份额的77.59%，个人投资者持有4.03亿份，占总份额的22.41%,新能源,-0.14947273027998753,0.34011493378448737,-0.5129816804531775,1.2560859471013353,-0.08982892844736112,2022-03-15 至 2025-02-28,717.0,成功
159268,汇添富国证港股通消费,指数型,85.50%,14.50%,7.29 亿,截至2025-07-14，汇添富国证港股通消费主题ETF 的基金机构持有1.95亿份，占总份额的85.50%，个人投资者持有0.33亿份，占总份额的14.50%,消费,,,,,,,,数据不足
513590,鹏华中证港股通消费主,指数型,50.54%,49.46%,2.29 亿,截至2025-06-30，鹏华中证港股通消费主题ETF 的基金机构持有1.97亿份，占总份额的50.54%，个人投资者持有1.93亿份，占总份额的49.46%,消费,0.00031625099766285913,0.3099629788429806,-0.07963450698040074,1.1716921527949515,0.1047077160675296,2021-08-20 至 2025-02-28,851.0,成功
159939,广发中证全指信息技术,指数型,79.01%,20.99%,12.66 亿,截至2025-06-30，广发中证全指信息技术ETF 的基金机构持有19.80亿份，占总份额的79.01%，个人投资者持有5.26亿份，占总份额的20.99%,科技,-0.03804110838181751,0.39626285508621617,-0.15908911868133957,1.1344666623853437,0.0003457349920392705,2015-02-06 至 2025-02-28,2443.0,成功
159801,广发国证半导体芯片E,指数型,54.58%,45.42%,44.92 亿,截至2025-06-30，广发国证半导体芯片ETF 的基金机构持有29.12亿份，占总份额的54.58%，个人投资者持有24.24亿份，占总份额的45.42%,芯片,-0.11250543834105764,0.42005854537570964,-0.3273482705085067,1.1538028086704877,-0.024777217798598317,2020-02-19 至 2025-02-28,1220.0,成功
510810,汇添富中证上海国企E,指数型,99.29%,0.71%,67.47 亿,截至2025-06-30，汇添富中证上海国企ETF 的基金机构持有93.45亿份，占总份额的99.29%，个人投资者持有0.66亿份，占总份额的0.71%,国央企,-0.02486733587622547,0.1858645252585425,-0.2682993745409926,0.8041624072457129,-0.0398769571044556,2016-08-30 至 2025-02-28,2053.0,成功
588180,国联安上证科创板50,指数型,70.00%,30.00%,19.19 亿,截至2025-06-30，国联安上证科创板50成份ETF 的基金机构持有34.67亿份，占总份额的70.00%，个人投资者持有14.85亿份，占总份额的30.00%,科创板,-0.09462159282308336,0.30246608386315377,-0.3954876239188667,1.1797946498105867,0.018534668225460127,2021-07-02 至 2025-02-28,886.0,成功
516810,华夏中证农业主题ET,指数型,40.59%,29.79%,2.34 亿,截至2025-06-30，华夏中证农业主题ETF 的基金机构持有0.97亿份，占总份额的40.59%，个人投资者持有0.71亿份，占总份额的29.79%,农业,-0.13125576173472997,0.21019283663024607,-0.743392421168007,0.7763128236391266,-0.07272802754867569,2022-01-12 至 2025-02-28,756.0,成功
159637,新能源车龙头ETF,指数型,69.99%,30.01%,10.42 亿,截至2025-06-30，新能源车龙头ETF 的基金机构持有9.13亿份，占总份额的69.99%，个人投资者持有3.92亿份，占总份额的30.01%,新能源,-0.15146133587545363,0.2976965740256524,-0.5927556823688808,1.2693008306214508,-0.11705768958176588,2022-09-02 至 2025-02-28,600.0,成功
588060,广发上证科创板50成,指数型,56.80%,43.20%,83.73 亿,截至2025-06-30，广发上证科创板50成份ETF 的基金机构持有51.30亿份，占总份额的56.80%，个人投资者持有39.02亿份，占总份额的43.20%,科创板,-0.11354206063132477,0.29880397266113096,-0.4636553503538697,1.161070494362488,-0.01705270844844342,2021-07-30 至 2025-02-28,866.0,成功
562930,易方达中证软件服务E,指数型,77.07%,22.93%,2.63 亿,截至2025-06-30，易方达中证软件服务ETF 的基金机构持有1.48亿份，占总份额的77.07%，个人投资者持有0.44亿份，占总份额的22.93%,科技,-0.06487256138306241,0.3789216734614947,-0.23717978589629313,1.2849514856832724,-0.04658108076057754,2023-06-06 至 2025-02-28,419.0,成功
520510,华夏中证港股通医疗主,指数型,95.41%,4.59%,2.06 亿,截至2025-07-31，华夏中证港股通医疗主题ETF 的基金机构持有4.84亿份，占总份额的95.41%，个人投资者持有0.23亿份，占总份额的4.59%,医药,,,,,,,,数据不足
512710,富国中证军工龙头ET,指数型,61.00%,39.00%,100.58 亿,截至2025-06-30，富国中证军工龙头ETF 的基金机构持有105.00亿份，占总份额的61.00%，个人投资者持有67.13亿份，占总份额的39.00%,军工,-0.10286388140361347,0.3762173916501211,-0.3398670137039432,0.9866487574645156,-0.049693803337501175,2019-08-27 至 2025-02-28,1332.0,成功
159852,嘉实中证软件服务ET,指数型,64.43%,35.57%,60.25 亿,截至2025-06-30，嘉实中证软件服务ETF 的基金机构持有25.40亿份，占总份额的64.43%，个人投资者持有14.02亿份，占总份额的35.57%,科技,-0.03561700665098211,0.3410881179338932,-0.177716559046863,1.1468801301755258,0.12477569462780069,2021-02-10 至 2025-02-28,978.0,成功
159718,平安中证港股通医药卫,指数型,58.02%,41.98%,2.09 亿,截至2025-06-30，平安中证港股通医药卫生综合ETF 的基金机构持有1.72亿份，占总份额的58.02%，个人投资者持有1.25亿份，占总份额的41.98%,医药,-0.10548296309408667,0.3510598771434553,-0.3716829281540675,1.2595340900346876,0.02224814530177821,2021-12-29 至 2025-02-28,765.0,成功
159960,平安港股通恒生中国企,指数型,90.31%,9.69%,5.06 亿,截至2025-06-30，平安港股通恒生中国企业ETF 的基金机构持有5.50亿份，占总份额的90.31%，个人投资者持有0.59亿份，占总份额的9.69%,国央企,-0.013637346607064504,0.21676009916622893,-0.1782493491914963,0.7313463495718289,-0.02579131308175764,2018-10-23 至 2025-02-28,1537.0,成功
560260,广发中证医疗ETF,指数型,93.92%,6.08%,15.10 亿,截至2025-06-30，广发中证医疗ETF 的基金机构持有18.30亿份，占总份额的93.92%，个人投资者持有1.19亿份，占总份额的6.08%,医药,-0.13312101497441087,0.30455940852978114,-0.5191795444367272,1.2253236860093648,-0.14167048403133664,2023-09-18 至 2025-02-28,347.0,成功
512070,易方达沪深300非银,指数型,79.02%,20.98%,176.13 亿,截至2025-06-30，易方达沪深300非银ETF 的基金机构持有73.59亿份，占总份额的79.02%，个人投资者持有19.54亿份，占总份额的20.98%,非银,-0.09048783637555302,0.35781346733738356,-0.3227598928428793,1.197668103093669,-0.032804828081060666,2015-08-05 至 2025-02-28,2322.0,成功
520670,嘉实恒生港股通科技主,指数型,83.60%,16.40%,2.73 亿,截至2025-08-12，嘉实恒生港股通科技主题ETF 的基金机构持有2.07亿份，占总份额的83.60%，个人投资者持有0.41亿份，占总份额的16.40%,科技,,,,,,,,数据不足
562880,嘉实中证电池主题ET,指数型,65.06%,34.94%,14.52 亿,截至2025-06-30，嘉实中证电池主题ETF 的基金机构持有3.94亿份，占总份额的65.06%，个人投资者持有2.12亿份，占总份额的34.94%,新能源,-0.1700373698522003,0.3396494945855285,-0.5742312971500305,1.19643483779397,-0.04186713387630436,2021-07-21 至 2025-02-28,873.0,成功
159885,鹏华中证内地低碳经济,指数型,69.48%,30.52%,2.44 亿,截至2025-06-30，鹏华中证内地低碳经济主题ETF 的基金机构持有3.01亿份，占总份额的69.48%，个人投资者持有1.32亿份，占总份额的30.52%,低碳,-0.13385609290200118,0.3188929364290706,-0.4981486723439375,1.0262158417650333,-0.036524668465186316,2021-04-15 至 2025-02-28,938.0,成功
515960,嘉实医药健康100E,指数型,63.64%,36.36%,2.04 亿,截至2025-06-30，嘉实医药健康100ETF 的基金机构持有1.81亿份，占总份额的63.64%，个人投资者持有1.03亿份，占总份额的36.36%,医药,-0.08126604412184091,0.2541033291934444,-0.4182001253550772,0.9472168134835016,-0.0613233158619253,2020-06-11 至 2025-02-28,1143.0,成功
159851,华宝中证金融科技主题,指数型,62.89%,37.11%,100.84 亿,截至2025-06-30，华宝中证金融科技主题ETF 的基金机构持有21.51亿份，占总份额的62.89%，个人投资者持有12.69亿份，占总份额的37.11%,科技,0.11565675014321841,0.36126506674603953,0.25094247545099035,1.205172320325415,0.2714248169267486,2021-03-22 至 2025-02-28,955.0,成功
159735,银华中证港股通消费主,指数型,61.91%,38.09%,7.26 亿,截至2025-06-30，银华中证港股通消费主题ETF 的基金机构持有4.78亿份，占总份额的61.91%，个人投资者持有2.94亿份，占总份额的38.09%,消费,-0.048151048225967386,0.3056182535700913,-0.23935431660723996,1.1138247386875801,0.07388820038352928,2021-06-07 至 2025-02-28,904.0,成功
512800,华宝中证银行ETF,指数型,79.51%,20.49%,127.94 亿,截至2025-06-30，华宝中证银行ETF 的基金机构持有55.59亿份，占总份额的79.51%，个人投资者持有14.33亿份，占总份额的20.49%,银行,0.05630730610134882,0.18922460369374003,0.1654505042696228,0.670632632494899,0.057590040446055646,2017-08-04 至 2025-02-28,1836.0,成功
159928,汇添富中证主要消费E,指数型,55.43%,44.57%,208.92 亿,截至2025-06-30，汇添富中证主要消费ETF 的基金机构持有84.68亿份，占总份额的55.43%，个人投资者持有68.09亿份，占总份额的44.57%,消费,-0.01773473895268618,0.34852752324237624,-0.12261510527238101,0.9259850913159463,0.012651099098762497,2013-09-17 至 2025-02-28,2781.0,成功
159797,汇添富中证全指医疗器,指数型,61.77%,38.23%,3.18 亿,截至2025-06-30，汇添富中证全指医疗器械ETF 的基金机构持有0.64亿份，占总份额的61.77%，个人投资者持有0.39亿份，占总份额的38.23%,医药,-0.09207904983442328,0.2471967598050903,-0.4736269598628144,0.9655763385183456,-0.07478664713790761,2022-05-17 至 2025-02-28,677.0,成功
159567,银华国证港股通创新药,指数型,52.57%,47.43%,78.97 亿,截至2025-06-30，银华国证港股通创新药ETF 的基金机构持有9.50亿份，占总份额的52.57%，个人投资者持有8.57亿份，占总份额的47.43%,创新药,0.12221750805408016,0.3389716606151355,0.2868012856226934,0.9936221109866428,-0.02436122429539911,2024-01-12 至 2025-02-28,270.0,成功
159792,富国中证港股通互联网,指数型,96.57%,3.43%,794.79 亿,截至2025-06-30，富国中证港股通互联网ETF 的基金机构持有527.27亿份，占总份额的96.57%，个人投资者持有18.73亿份，占总份额的3.43%,互联网,-0.034471663071137804,0.3842570031796765,-0.15477053789265405,1.4825658562007293,0.11885216842475654,2021-09-29 至 2025-02-28,825.0,成功
159748,富国沪港深创新药产业,指数型,51.99%,48.01%,5.62 亿,截至2025-06-30，富国沪港深创新药产业ETF 的基金机构持有2.85亿份，占总份额的51.99%，个人投资者持有2.63亿份，占总份额的48.01%,创新药,-0.14497433186199904,0.3049503287181768,-0.5573836649937921,1.1300428664501738,-0.05627925597762018,2021-12-06 至 2025-02-28,782.0,成功
516670,招商中证畜牧养殖ET,指数型,65.19%,34.81%,13.59 亿,截至2025-06-30，招商中证畜牧养殖ETF 的基金机构持有6.14亿份，占总份额的65.19%，个人投资者持有3.28亿份，占总份额的34.81%,养殖,-0.1239225748452194,0.24536321487150983,-0.6069474388131333,0.7310371933162708,-0.06335588932158598,2021-03-29 至 2025-02-28,950.0,成功
159745,国泰中证全指建筑材料,指数型,71.80%,28.20%,6.10 亿,截至2025-06-30，国泰中证全指建筑材料ETF 的基金机构持有6.37亿份，占总份额的71.80%，个人投资者持有2.50亿份，占总份额的28.20%,材料,-0.1321694557416273,0.27311800040255657,-0.5754635560818792,1.068173201126698,-0.04511090972120224,2021-06-21 至 2025-02-28,895.0,成功
515060,华夏中证全指房地产E,指数型,28.17%,24.42%,5.43 亿,截至2025-06-30，华夏中证全指房地产ETF 的基金机构持有2.80亿份，占总份额的28.17%，个人投资者持有2.43亿份，占总份额的24.42%,金融,-0.07217678694289664,0.29365826586786203,-0.33091793502119043,0.8853169212367729,-0.03709641850999068,2020-01-06 至 2025-02-28,1246.0,成功
562080,华宝沪深300自由现,指数型,82.35%,17.65%,9.25 亿,截至2025-06-30，华宝沪深300自由现金流ETF 的基金机构持有1.36亿份，占总份额的82.35%，个人投资者持有0.29亿份，占总份额的17.65%,自由现金流,,,,,,,,数据不足
159736,天弘中证食品饮料ET,指数型,4.20%,1.89%,54.21 亿,截至2025-06-30，天弘中证食品饮料ETF 的基金机构持有2.85亿份，占总份额的4.20%，个人投资者持有1.28亿份，占总份额的1.89%,食品饮料,-0.11029444478391726,0.2605547299124271,-0.519255378052012,1.1333607191633224,-0.026033970465481282,2021-09-28 至 2025-02-28,826.0,成功
512600,嘉实中证主要消费ET,指数型,71.08%,28.92%,12.33 亿,截至2025-06-30，嘉实中证主要消费ETF 的基金机构持有5.04亿份，占总份额的71.08%，个人投资者持有2.05亿份，占总份额的28.92%,消费,-0.08733839919127029,0.38339665150939706,-0.2930082950620576,0.8702245142051726,0.022472413254063017,2015-08-05 至 2025-02-28,2280.0,成功
562060,华宝标普中国A股红利,指数型,95.25%,4.75%,24.78 亿,截至2025-06-30，华宝标普中国A股红利机会ETF 的基金机构持有12.21亿份，占总份额的95.25%，个人投资者持有0.61亿份，占总份额的4.75%,红利,0.04590710773745488,0.20361433149856686,0.10267994194505915,0.7799379741457831,-0.03589529484064202,2023-12-29 至 2025-02-28,279.0,成功
513010,易方达恒生科技(QD,指数型,64.62%,35.38%,270.25 亿,截至2025-06-30，易方达恒生科技(QDII-ETF) 的基金机构持有100.93亿份，占总份额的64.62%，个人投资者持有55.26亿份，占总份额的35.38%,QDII,-0.0649846127991095,0.35856916018994023,-0.2509546910042211,1.400692743893132,0.10022837164542664,2021-05-26 至 2025-02-28,912.0,成功
159814,西部利得创业板大盘E,指数型,53.74%,46.26%,5.20 亿,截至2025-06-30，西部利得创业板大盘ETF 的基金机构持有8.12亿份，占总份额的53.74%，个人投资者持有6.99亿份，占总份额的46.26%,创业板,-0.1839336006181571,0.39239992904893656,-0.5324506585017776,1.3309597478915913,-0.08257076690396925,2020-07-20 至 2025-02-28,1118.0,成功
513860,海富通中证港股通科技,指数型,75.20%,24.80%,45.34 亿,截至2025-06-30，海富通中证港股通科技ETF 的基金机构持有18.13亿份，占总份额的75.20%，个人投资者持有5.98亿份，占总份额的24.80%,科技,-0.07508199795687409,0.3472474635780128,-0.28821520228149805,1.395888354649413,0.06423150719583859,2021-07-05 至 2025-02-28,885.0,成功
513980,景顺长城中证港股通科,指数型,84.75%,8.30%,224.93 亿,截至2025-06-30，景顺长城中证港股通科技ETF 的基金机构持有173.11亿份，占总份额的84.75%，个人投资者持有16.96亿份，占总份额的8.30%,科技,-0.0757230876779379,0.35321293230882295,-0.28516251378325286,1.410623459278449,0.06535961542784352,2021-07-05 至 2025-02-28,885.0,成功
563500,华宝中证A500ET,指数型,95.98%,4.02%,6.17 亿,截至2025-06-30，华宝中证A500ETF 的基金机构持有12.05亿份，占总份额的95.98%，个人投资者持有0.51亿份，占总份额的4.02%,中证500,-0.034113676529715864,0.1557945750644237,-0.37943347196313704,1.034594764198031,0.037865989891523455,2024-12-03 至 2025-02-28,57.0,成功
513580,华安恒生科技(QDI,指数型,75.25%,24.75%,51.94 亿,截至2025-06-30，华安恒生科技(QDII-ETF) 的基金机构持有24.82亿份，占总份额的75.25%，个人投资者持有8.16亿份，占总份额的24.75%,QDII,-0.06632108830220895,0.3687013419236536,-0.24768309175592493,1.4398240301191532,0.10104341807961625,2021-05-28 至 2025-02-28,910.0,成功
513130,华泰柏瑞南方东英恒生,指数型,45.14%,43.68%,425.06 亿,截至2025-06-30，华泰柏瑞南方东英恒生科技(QDII-ETF) 的基金机构持有167.56亿份，占总份额的45.14%，个人投资者持有162.16亿份，占总份额的43.68%,QDII,-0.08242754153347531,0.36250925757057584,-0.2963442706357935,1.4330956631374439,0.08376532446406992,2021-06-02 至 2025-02-28,907.0,成功
159220,华宝标普港股通低波红,指数型,84.26%,15.74%,3.08 亿,截至2025-06-30，华宝标普港股通低波红利ETF 的基金机构持有2.00亿份，占总份额的84.26%，个人投资者持有0.37亿份，占总份额的15.74%,红利,,,,,,,,数据不足
159596,华宝中证A50ETF,指数型,90.44%,9.56%,5.75 亿,截至2025-06-30，华宝中证A50ETF 的基金机构持有8.60亿份，占总份额的90.44%，个人投资者持有0.91亿份，占总份额的9.56%,中证A50,0.13093051809802314,0.2215316266155101,0.47817334128041217,1.0125196446100124,0.0340163529170292,2024-03-19 至 2025-02-28,229.0,成功
513700,鹏华中证港股通医药卫,指数型,51.70%,48.30%,8.63 亿,截至2025-06-30，鹏华中证港股通医药卫生综合交易ETF 的基金机构持有8.83亿份，占总份额的51.70%，个人投资者持有8.25亿份，占总份额的48.30%,医药,-0.1827939245759721,0.3419394405391239,-0.6076921815405404,1.2421667167807584,-0.0732826437883165,2021-08-09 至 2025-02-28,860.0,成功
513380,广发恒生科技(QDI,指数型,85.60%,14.40%,119.03 亿,截至2025-06-30，广发恒生科技(QDII-ETF) 的基金机构持有66.44亿份，占总份额的85.60%，个人投资者持有11.18亿份，占总份额的14.40%,QDII,0.12306054149455448,0.35376882191762693,0.27718819584781645,1.414615427769637,0.1959395450258854,2022-05-13 至 2025-02-28,679.0,成功
159636,工银瑞信国证港股通科,指数型,97.64%,2.36%,348.18 亿,截至2025-06-30，工银瑞信国证港股通科技30ETF 的基金机构持有173.31亿份，占总份额的97.64%，个人投资者持有4.19亿份，占总份额的2.36%,科技,0.12768786610242655,0.33811694112996254,0.3037051789219762,1.3049839051756438,0.22951236521423057,2022-07-21 至 2025-02-28,631.0,成功
513770,华宝中证港股通互联网,指数型,88.99%,11.01%,123.43 亿,截至2025-06-30，华宝中证港股通互联网ETF 的基金机构持有43.88亿份，占总份额的88.99%，个人投资者持有5.43亿份，占总份额的11.01%,互联网,0.040484119145354436,0.38832499497409406,0.039874124369427756,1.4611000185100083,0.1783170428772758,2022-02-21 至 2025-02-28,733.0,成功
513030,华安德国(DAX)E,指数型,57.77%,42.23%,17.73 亿,截至2025-06-30，华安德国(DAX)ETF(QDII) 的基金机构持有4.22亿份，占总份额的57.77%，个人投资者持有3.08亿份，占总份额的42.23%,海外,0.051375391566832684,0.19406317575582194,0.13591136733750692,0.2804976475402478,0.04862135434673376,2014-09-09 至 2025-02-28,2543.0,成功
159941,广发纳斯达克100E,指数型,70.38%,29.62%,297.75 亿,截至2025-06-30，广发纳斯达克100ETF 的基金机构持有153.78亿份，占总份额的70.38%，个人投资者持有64.72亿份，占总份额的29.62%,海外,0.017311720377763518,0.33467849109060166,-0.022972135428192694,0.3683031502845985,0.11282559670800141,2015-07-14 至 2025-02-28,2339.0,成功
513080,华安法国CAC40E,指数型,71.42%,28.58%,10.30 亿,截至2025-06-30，华安法国CAC40ETF(QDII) 的基金机构持有3.73亿份，占总份额的71.42%，个人投资者持有1.49亿份，占总份额的28.58%,海外,0.11471687060909175,0.1950946942105174,0.4598632011605736,0.203966827310288,0.1312857510108716,2020-06-15 至 2025-02-28,1140.0,成功
159632,华安纳斯达克100E,指数型,76.86%,23.14%,97.80 亿,截至2025-06-30，华安纳斯达克100ETF(QDII) 的基金机构持有41.18亿份，占总份额的76.86%，个人投资者持有12.40亿份，占总份额的23.14%,海外,0.22590011765887796,0.21825189408026346,0.9204965597457575,0.13970403182729837,0.26778026749259354,2022-08-04 至 2025-02-28,621.0,成功
159655,华夏标普500ETF,指数型,49.88%,38.74%,35.00 亿,截至2025-06-30，华夏标普500ETF(QDII) 的基金机构持有10.03亿份，占总份额的49.88%，个人投资者持有7.79亿份，占总份额的38.74%,海外,0.21044805930305333,0.2103722977136841,0.8815231915917344,0.0413490775083396,0.23421309667928059,2022-10-26 至 2025-02-28,568.0,成功
159659,招商纳斯达克100E,指数型,50.84%,49.16%,79.26 亿,截至2025-06-30，招商纳斯达克100ETF(QDII) 的基金机构持有14.52亿份，占总份额的50.84%，个人投资者持有14.04亿份，占总份额的49.16%,海外,0.3214452192438755,0.19308716306408671,1.5352922200502972,0.05697228593902454,0.34585200392365745,2023-04-26 至 2025-02-28,445.0,成功
159660,汇添富纳斯达克100,指数型,62.02%,37.98%,37.72 亿,截至2025-06-30，汇添富纳斯达克100ETF 的基金机构持有9.97亿份，占总份额的62.02%，个人投资者持有6.11亿份，占总份额的37.98%,海外,0.31659801529913323,0.19394854977895967,1.5034812873386432,0.0740377845910822,0.3442793537426332,2023-04-18 至 2025-02-28,451.0,成功
159513,大成纳斯达克100E,指数型,83.34%,16.66%,59.73 亿,截至2025-06-30，大成纳斯达克100ETF(QDII) 的基金机构持有36.63亿份，占总份额的83.34%，个人投资者持有7.32亿份，占总份额的16.66%,海外,0.16745727944048783,0.20074039336640154,0.7096592621519257,0.0614269685719786,0.19755093734030793,2023-07-31 至 2025-02-28,382.0,成功
159501,嘉实纳斯达克100E,指数型,55.68%,44.32%,100.72 亿,截至2025-06-30，嘉实纳斯达克100ETF(QDII) 的基金机构持有26.09亿份，占总份额的55.68%，个人投资者持有20.77亿份，占总份额的44.32%,海外,0.21018638303413617,0.19530862619047554,0.9481730871094879,0.06777448523465998,0.23911646552256238,2023-06-15 至 2025-02-28,412.0,成功
159696,易方达纳斯达克100,指数型,54.61%,45.39%,39.70 亿,截至2025-06-30，易方达纳斯达克100ETF(QDII) 的基金机构持有10.27亿份，占总份额的54.61%，个人投资者持有8.53亿份，占总份额的45.39%,海外,0.2593966183161862,0.20603912310316033,1.1376316050366209,0.028933931760472403,0.29440516672689077,2023-08-28 至 2025-02-28,362.0,成功
159561,嘉实德国DAXETF,指数型,62.62%,37.38%,20.36 亿,截至2025-06-30，嘉实德国DAXETF(QDII) 的基金机构持有6.94亿份，占总份额的62.62%，个人投资者持有4.14亿份，占总份额的37.38%,海外,0.3090720975602128,0.36045689101251255,0.7880889633216966,0.012480655464173082,0.3878160183320736,2024-05-06 至 2025-02-28,195.0,成功
520580,招商利安新兴亚洲精选,指数型,62.86%,37.14%,3.91 亿,截至2025-06-30，招商利安新兴亚洲精选ETF(QDII) 的基金机构持有2.97亿份，占总份额的62.86%，个人投资者持有1.75亿份，占总份额的37.14%,海外,,,,,,,,数据不足
159100,华夏布拉德斯科巴西伊,指数型,69.32%,30.68%,3.00 亿,截至2025-11-06，华夏布拉德斯科巴西伊博维斯帕ETF(QDII) 的基金机构持有2.08亿份，占总份额的69.32%，个人投资者持有0.92亿份，占总份额的30.68%,海外,,,,,,,,数据不足
520870,易方达伊塔乌巴西IB,指数型,64.43%,35.57%,3.00 亿,截至2025-11-06，易方达伊塔乌巴西IBOVESPAETF(QDII) 的基金机构持有1.93亿份，占总份额的64.43%，个人投资者持有1.07亿份，占总份额的35.57%,海外,,,,,,,,数据不足
