date,fin_balance_sh,fin_balance_sz,total_balance
2018-01-02,6083.66051878,4167.86,10251.520518779998
2018-01-03,6088.15534517,4180.38,10268.53534517
2018-01-04,6105.27948195,4183.93,10289.209481950002
2018-01-05,6110.33498008,4177.8,10288.13498008
2018-01-08,6144.37310945,4197.57,10341.94310945
2018-01-09,6165.40107796,4213.31,10378.71107796
2018-01-10,6196.25092233,4228.87,10425.12092233
2018-01-11,6210.4674413,4245.3,10455.7674413
2018-01-12,6198.48249343,4237.11,10435.59249343
2018-01-15,6214.97637591,4236.88,10451.85637591
2018-01-16,6259.92542194,4247.95,10507.87542194
2018-01-17,6270.94987907,4253.52,10524.46987907
2018-01-18,6342.28438561,4256.49,10598.774385609999
2018-01-19,6360.1890556,4250.38,10610.5690556
2018-01-22,6399.21300534,4263.37,10662.583005339999
2018-01-23,6445.64213418,4268.41,10714.05213418
2018-01-24,6468.59187212,4289.78,10758.371872119998
2018-01-25,6475.29134317,4288.34,10763.63134317
2018-01-26,6466.34615949,4276.4,10742.74615949
2018-01-29,6482.56047965,4297.33,10779.89047965
2018-01-30,6481.76166579,4302.24,10784.00166579
2018-01-31,6454.0068069,4288.72,10742.7268069
2018-02-01,6364.82319607,4252.72,10617.54319607
2018-02-02,6310.35437334,4217.22,10527.574373340001
2018-02-05,6300.54975768,4207.12,10507.66975768
2018-02-06,6192.90275865,4152.3,10345.20275865
2018-02-07,6164.05478519,4127.43,10291.484785190001
2018-02-08,6157.10148081,4102.23,10259.33148081
2018-02-09,6048.3355721,4030.99,10079.325572099999
2018-02-12,6009.26938548,3995.16,10004.42938548
2018-02-13,5953.28087592,3960.06,9913.34087592
2018-02-14,5875.967084,3901.76,9777.727084
2018-02-22,5903.7419256,3921.33,9825.071925600001
2018-02-23,5903.18411364,3923.47,9826.65411364
2018-02-26,5927.14977109,3950.07,9877.21977109
2018-02-27,5930.11785899,3957.7,9887.81785899
2018-02-28,5946.17162664,3956.79,9902.96162664
2018-03-01,5959.39917864,3975.05,9934.44917864
2018-03-02,5953.61568569,3973.75,9927.36568569
2018-03-05,5950.4993041,3973.97,9924.4693041
2018-03-06,5975.37104191,3979.02,9954.39104191
2018-03-07,5969.69079947,3975.29,9944.980799469999
2018-03-08,5979.4021078,3975.81,9955.2121078
2018-03-09,5970.50145863,3977.83,9948.33145863
2018-03-12,6000.45856188,4001.5,10001.958561880001
2018-03-13,5995.68767827,4010.32,10006.00767827
2018-03-14,6003.45441237,4022.19,10025.64441237
2018-03-15,6011.72365606,4025.35,10037.07365606
2018-03-16,6006.03525889,4006.94,10012.97525889
2018-03-19,6015.76470724,4011.28,10027.04470724
2018-03-20,6021.06366122,4011.16,10032.22366122
2018-03-21,6035.79457196,4017.21,10053.00457196
2018-03-22,6037.96655509,4023.21,10061.17655509
2018-03-23,5937.92703708,3958.24,9896.16703708
2018-03-26,5974.11337395,3965.74,9939.85337395
2018-03-27,5994.42144212,3967.47,9961.89144212
2018-03-28,5993.07494218,3965.04,9958.11494218
2018-03-29,6001.45215249,3976.99,9978.442152489999
2018-03-30,5988.55912677,3969.07,9957.62912677
2018-04-02,6010.30714928,3978.27,9988.57714928
2018-04-03,6011.69419027,3975.91,9987.60419027
2018-04-04,5981.81552536,3946.31,9928.12552536
2018-04-09,5996.50337034,3962.34,9958.84337034
2018-04-10,5990.80845943,3955.73,9946.53845943
2018-04-11,5996.89679276,3956.6,9953.49679276
2018-04-12,6004.24988033,3952.64,9956.88988033
2018-04-13,5998.33935982,3943.96,9942.299359820001
2018-04-16,6010.24882857,3946.9,9957.14882857
2018-04-17,6002.84382263,3930.95,9933.79382263
2018-04-18,6000.98082128,3930.77,9931.75082128
2018-04-19,5991.80521526,3920.08,9911.885215260001
2018-04-20,5965.45372671,3894.92,9860.37372671
2018-04-23,5969.95595435,3902.52,9872.47595435
2018-04-24,5963.77635708,3892.19,9855.96635708
2018-04-25,5970.19402304,3899.33,9869.52402304
2018-04-26,5961.78122764,3899.06,9860.84122764
2018-04-27,5928.67415552,3860.35,9789.02415552
2018-05-02,5929.11559958,3852.5,9781.61559958
2018-05-03,5919.87078108,3850.55,9770.42078108
2018-05-04,5904.34735762,3843.16,9747.507357620001
2018-05-07,5916.29638695,3853.92,9770.21638695
2018-05-08,5924.00524194,3858.0,9782.00524194
2018-05-09,5937.03956355,3870.96,9807.99956355
2018-05-10,5947.3507155,3881.51,9828.860715499999
2018-05-11,5927.19427747,3865.92,9793.11427747
2018-05-14,5929.05263679,3871.8,9800.852636790001
2018-05-15,5934.10196752,3876.64,9810.74196752
2018-05-16,5944.1633017,3872.51,9816.6733017
2018-05-17,5951.5813687,3885.1,9836.6813687
2018-05-18,5941.4559804,3875.73,9817.1859804
2018-05-21,5958.80340436,3891.24,9850.04340436
2018-05-22,5979.85960989,3909.96,9889.81960989
2018-05-23,5997.97085094,3912.0,9909.97085094
2018-05-24,6005.64172688,3921.66,9927.30172688
2018-05-25,5984.55827921,3907.93,9892.48827921
2018-05-28,5989.49037435,3908.6,9898.09037435
2018-05-29,5979.65012117,3904.83,9884.48012117
2018-05-30,5956.35486365,3883.26,9839.61486365
2018-05-31,5953.72987763,3876.72,9830.44987763
2018-06-01,5924.45445276,3861.41,9785.86445276
2018-06-04,5908.401889,3851.91,9760.311889
2018-06-05,5910.74705741,3850.47,9761.21705741
2018-06-06,5907.09945434,3847.82,9754.91945434
2018-06-07,5909.59804095,3845.21,9754.80804095
2018-06-08,5890.88015126,3831.54,9722.420151260001
2018-06-11,5884.85005458,3821.34,9706.19005458
2018-06-12,5885.19533549,3817.86,9703.05533549
2018-06-13,5871.40793988,3805.99,9677.39793988
2018-06-14,5865.8903106,3807.23,9673.1203106
2018-06-15,5815.69561529,3774.73,9590.42561529
2018-06-19,5678.49953722,3696.83,9375.329537220001
2018-06-20,5646.45936794,3671.32,9317.77936794
2018-06-21,5608.08688544,3634.63,9242.71688544
2018-06-22,5581.96136785,3612.69,9194.65136785
2018-06-25,5568.75334203,3604.99,9173.74334203
2018-06-26,5566.36105493,3612.42,9178.781054930001
2018-06-27,5558.86983956,3605.45,9164.319839560001
2018-06-28,5550.85668675,3593.74,9144.59668675
2018-06-29,5535.22416883,3593.86,9129.08416883
2018-07-02,5525.25463016,3585.29,9110.544630159999
2018-07-03,5526.90105369,3599.18,9126.081053689999
2018-07-04,5494.14701907,3578.54,9072.68701907
2018-07-05,5460.20776894,3563.54,9023.74776894
2018-07-06,5434.89414407,3553.18,8988.07414407
2018-07-09,5420.1297435,3549.47,8969.599743499999
2018-07-10,5418.78346674,3544.01,8962.79346674
2018-07-11,5394.87029849,3525.26,8920.13029849
2018-07-12,5402.47707295,3539.14,8941.617072949999
2018-07-13,5383.40528874,3522.58,8905.985288740001
2018-07-16,5385.27240085,3524.26,8909.53240085
2018-07-17,5391.03125579,3527.76,8918.79125579
2018-07-18,5385.5905464,3525.48,8911.0705464
2018-07-19,5369.35848153,3522.72,8892.07848153
2018-07-20,5349.06513435,3515.07,8864.135134350001
2018-07-23,5340.01675133,3507.93,8847.94675133
2018-07-24,5336.53883014,3509.54,8846.078830139999
2018-07-25,5343.56990639,3513.45,8857.01990639
2018-07-26,5356.37045599,3521.52,8877.89045599
2018-07-27,5338.48926644,3512.4,8850.889266440001
2018-07-30,5336.25257352,3513.02,8849.27257352
2018-07-31,5329.16979958,3514.46,8843.62979958
2018-08-01,5320.68228664,3506.69,8827.37228664
2018-08-02,5311.74597926,3495.05,8806.795979260001
2018-08-03,5288.10410344,3476.59,8764.69410344
2018-08-06,5272.21789894,3464.76,8736.97789894
2018-08-07,5263.92695026,3452.38,8716.306950260001
2018-08-08,5249.0075379,3439.42,8688.4275379
2018-08-09,5245.94839263,3448.92,8694.86839263
2018-08-10,5227.61979654,3434.46,8662.07979654
2018-08-13,5237.22819418,3436.95,8674.17819418
2018-08-14,5238.60576227,3441.45,8680.05576227
2018-08-15,5239.90050346,3436.6,8676.50050346
2018-08-16,5243.45738232,3432.09,8675.54738232
2018-08-17,5227.37305344,3412.56,8639.93305344
2018-08-20,5214.23369451,3407.36,8621.59369451
2018-08-21,5200.47585196,3391.89,8592.36585196
2018-08-22,5191.98247652,3382.93,8574.91247652
2018-08-23,5194.53159802,3382.18,8576.71159802
2018-08-24,5175.6430797,3374.06,8549.7030797
2018-08-27,5177.33060699,3373.56,8550.89060699
2018-08-28,5174.11048779,3372.12,8546.230487789999
2018-08-29,5169.04203797,3379.13,8548.17203797
2018-08-30,5164.91992705,3376.44,8541.35992705
2018-08-31,5139.56376664,3363.23,8502.79376664
2018-09-03,5132.90990055,3364.22,8497.12990055
2018-09-04,5131.82458484,3366.56,8498.38458484
2018-09-05,5130.10193653,3361.4,8491.50193653
2018-09-06,5132.56982251,3360.53,8493.099822510001
2018-09-07,5111.37883134,3348.65,8460.02883134
2018-09-10,5094.79248423,3337.71,8432.50248423
2018-09-11,5088.66481182,3332.42,8421.084811820001
2018-09-12,5087.65532668,3335.34,8422.99532668
2018-09-13,5084.67827596,3335.29,8419.96827596
2018-09-14,5060.09498734,3318.04,8378.13498734
2018-09-17,5049.93237974,3309.18,8359.11237974
2018-09-18,5046.31339773,3311.55,8357.863397730001
2018-09-19,5026.78815221,3301.75,8328.53815221
2018-09-20,5012.71444915,3293.06,8305.77444915
2018-09-21,4987.77152833,3275.76,8263.53152833
2018-09-25,4996.53250243,3278.27,8274.80250243
2018-09-26,4990.93628658,3266.83,8257.766286580001
2018-09-27,4976.47547449,3256.07,8232.54547449
2018-09-28,4929.89890192,3221.52,8151.41890192
2018-10-08,4963.33847498,3236.24,8199.57847498
2018-10-09,4967.98379422,3231.83,8199.813794220001
2018-10-10,4966.92130111,3230.31,8197.23130111
2018-10-11,4893.62003478,3162.85,8056.470034780001
2018-10-12,4826.68130673,3104.01,7930.69130673
2018-10-15,4797.08528447,3083.75,7880.83528447
2018-10-16,4753.05265051,3042.69,7795.742650509999
2018-10-17,4727.63724975,3022.71,7750.34724975
2018-10-18,4701.59311394,2997.91,7699.50311394
2018-10-19,4668.94473017,2979.63,7648.57473017
2018-10-22,4676.50052315,2978.93,7655.43052315
2018-10-23,4685.38487733,2980.66,7666.0448773299995
2018-10-24,4684.52250683,2982.15,7666.67250683
2018-10-25,4681.1943588,2977.17,7658.3643588
2018-10-26,4671.69473732,2970.52,7642.2147373200005
2018-10-29,4679.5586893,2971.2,7650.7586893
2018-10-30,4666.87049647,2962.13,7629.00049647
2018-10-31,4661.60156064,2959.53,7621.13156064
2018-11-01,4658.70071113,2958.89,7617.59071113
2018-11-02,4648.28736776,2943.47,7591.757367759999
2018-11-05,4661.15042931,2949.21,7610.36042931
2018-11-06,4665.81343674,2955.18,7620.99343674
2018-11-07,4669.02793065,2954.2,7623.2279306499995
2018-11-08,4667.65910615,2949.09,7616.74910615
2018-11-09,4670.06411052,2943.86,7613.92411052
2018-11-12,4687.98812385,2951.01,7638.99812385
2018-11-13,4696.51112918,2953.88,7650.3911291800005
2018-11-14,4711.16952401,2959.28,7670.4495240100005
2018-11-15,4722.99226346,2967.52,7690.512263459999
2018-11-16,4718.64498649,2960.69,7679.334986489999
2018-11-19,4738.53869819,2970.81,7709.3486981900005
2018-11-20,4750.5621123,2982.94,7733.502112300001
2018-11-21,4752.33531812,2984.73,7737.06531812
2018-11-22,4754.46195531,2984.7,7739.16195531
2018-11-23,4726.89959467,2961.16,7688.05959467
2018-11-26,4723.56414911,2954.21,7677.77414911
2018-11-27,4725.18416397,2951.52,7676.70416397
2018-11-28,4717.62479372,2953.86,7671.484793719999
2018-11-29,4705.22757696,2942.3,7647.52757696
2018-11-30,4687.43399761,2933.62,7621.05399761
2018-12-03,4692.45598003,2937.52,7629.97598003
2018-12-04,4691.35276155,2939.54,7630.89276155
2018-12-05,4690.0922648,2942.19,7632.2822648
2018-12-06,4701.66691402,2944.8,7646.46691402
2018-12-07,4693.05526326,2938.54,7631.59526326
2018-12-10,4696.40781271,2943.04,7639.44781271
2018-12-11,4692.93601471,2941.69,7634.62601471
2018-12-12,4690.95178379,2935.91,7626.86178379
2018-12-13,4693.59024408,2934.11,7627.700244080001
2018-12-14,4673.50549615,2915.52,7589.0254961499995
2018-12-17,4676.86247128,2921.9,7598.762471280001
2018-12-18,4676.0791328,2923.51,7599.5891328
2018-12-19,4667.85517266,2914.0,7581.85517266
2018-12-20,4677.00056854,2918.46,7595.46056854
2018-12-21,4665.20920169,2911.32,7576.52920169
2018-12-24,4666.94612238,2911.23,7578.17612238
2018-12-25,4659.77437816,2905.79,7565.56437816
2018-12-26,4658.56293975,2901.33,7559.89293975
2018-12-27,4654.34791784,2897.43,7551.77791784
2018-12-28,4619.87376518,2869.93,7489.8037651800005
2019-01-02,4623.5175365,2874.0,7497.5175365
2019-01-03,4618.87281,2870.83,7489.70281
2019-01-04,4622.5041073,2879.14,7501.6441073000005
2019-01-07,4624.58355219,2885.04,7509.62355219
2019-01-08,4624.72442828,2879.23,7503.95442828
2019-01-09,4616.89424168,2876.36,7493.254241680001
2019-01-10,4615.32461893,2874.68,7490.004618929999
2019-01-11,4603.23775055,2869.21,7472.44775055
2019-01-14,4609.47518023,2868.3,7477.77518023
2019-01-15,4603.38181685,2867.5,7470.88181685
2019-01-16,4590.379937,2856.4,7446.779936999999
2019-01-17,4586.23130349,2848.57,7434.80130349
2019-01-18,4566.68089943,2835.45,7402.13089943
2019-01-21,4560.96234282,2838.6,7399.56234282
2019-01-22,4571.69620037,2842.94,7414.63620037
2019-01-23,4566.49149578,2843.72,7410.21149578
2019-01-24,4558.91899209,2844.76,7403.67899209
2019-01-25,4524.58688565,2826.43,7351.01688565
2019-01-28,4511.57215423,2818.42,7329.99215423
2019-01-29,4492.90368941,2810.87,7303.77368941
2019-01-30,4475.13860371,2795.26,7270.39860371
2019-01-31,4446.03342646,2773.47,7219.50342646
2019-02-01,4384.81618486,2724.39,7109.206184860001
2019-02-11,4417.2327226,2724.39,7141.622722599999
2019-02-12,4431.98997474,2724.39,7156.379974740001
2019-02-13,4458.77866753,2724.39,7183.168667530001
2019-02-14,4474.72501005,2724.39,7199.11501005
2019-02-15,4494.51785567,2724.39,7218.907855670001
2019-02-18,4519.06400957,2724.39,7243.4540095699995
2019-02-19,4551.9274399,2724.39,7276.3174399
2019-02-20,4571.84818881,2724.39,7296.238188809999
2019-02-21,4592.34809159,2724.39,7316.738091589999
2019-02-22,4619.54859629,2724.39,7343.93859629
2019-02-25,4727.04160094,2724.39,7451.431600939999
2019-02-26,4781.55076613,2724.39,7505.940766129999
2019-02-27,4845.49266902,2724.39,7569.88266902
2019-02-28,4845.55495642,2724.39,7569.94495642
2019-03-01,4845.50188993,2724.39,7569.891889930001
2019-03-04,4917.19613594,2724.39,7641.5861359400005
2019-03-05,4996.10506952,2724.39,7720.4950695200005
2019-03-06,5094.1485808,2724.39,7818.538580799999
2019-03-07,5193.97678384,2724.39,7918.36678384
2019-03-08,5199.73258458,2724.39,7924.12258458
2019-03-11,5285.39041036,2724.39,8009.780410359999
2019-03-12,5341.77143108,2724.39,8066.16143108
2019-03-13,5371.1819111,2724.39,8095.5719111
2019-03-14,5358.68334393,2724.39,8083.07334393
2019-03-15,5349.27567528,2724.39,8073.665675279999
2019-03-18,5389.36145587,2724.39,8113.75145587
2019-03-19,5421.61873286,2724.39,8146.00873286
2019-03-20,5442.27583847,2724.39,8166.66583847
2019-03-21,5494.23715029,2724.39,8218.62715029
2019-03-22,5491.60945947,2724.39,8215.99945947
2019-03-25,5542.17910683,2724.39,8266.56910683
2019-03-26,5540.43266609,2724.39,8264.82266609
2019-03-27,5559.08994882,2724.39,8283.47994882
2019-03-28,5554.38962621,2724.39,8278.77962621
2019-03-29,5559.19750875,2724.39,8283.58750875
2019-04-01,5612.44963862,2724.39,8336.83963862
2019-04-02,5661.2185565,2724.39,8385.6085565
2019-04-03,5695.52117271,2724.39,8419.91117271
2019-04-04,5700.01321985,2724.39,8424.403219849999
2019-04-08,5798.24640228,2724.39,8522.63640228
2019-04-09,5825.91393394,2724.39,8550.30393394
2019-04-10,5840.52810698,2724.39,8564.91810698
2019-04-11,5832.08143243,2724.39,8556.47143243
2019-04-12,5811.64513945,2724.39,8536.03513945
2019-04-15,5832.99208979,2724.39,8557.38208979
2019-04-16,5874.20822124,2724.39,8598.59822124
2019-04-17,5899.11050836,2724.39,8623.500508359999
2019-04-18,5911.75252232,2724.39,8636.14252232
2019-04-19,5911.96274296,2724.39,8636.35274296
2019-04-22,5948.31558594,2724.39,8672.70558594
2019-04-23,5934.01459965,2724.39,8658.404599649999
2019-04-24,5953.88886472,2724.39,8678.27886472
2019-04-25,5919.47751543,2724.39,8643.86751543
2019-04-26,5899.23831402,2724.39,8623.62831402
2019-04-29,5853.02832156,2724.39,8577.41832156
2019-04-30,5778.65182474,2724.39,8503.04182474
2019-05-06,5731.8567423,2724.39,8456.2467423
2019-05-07,5708.66704572,2724.39,8433.05704572
2019-05-08,5710.57518334,2724.39,8434.96518334
2019-05-09,5704.55002203,2724.39,8428.94002203
2019-05-10,5695.52302327,2724.39,8419.913023269999
2019-05-13,5676.89658746,2724.39,8401.28658746
2019-05-14,5669.64503072,2724.39,8394.03503072
2019-05-15,5666.0070444,2724.39,8390.3970444
2019-05-16,5670.49805145,2724.39,8394.88805145
2019-05-17,5636.65781997,2724.39,8361.04781997
2019-05-20,5632.5875107,2724.39,8356.9775107
2019-05-21,5638.99124599,2724.39,8363.38124599
2019-05-22,5623.87964684,2724.39,8348.269646839999
2019-05-23,5605.27552182,2724.39,8329.66552182
2019-05-24,5577.50049494,2724.39,8301.89049494
2019-05-27,5597.92435668,2724.39,8322.314356679999
2019-05-28,5584.7498458,2724.39,8309.1398458
2019-05-29,5588.0196711,2724.39,8312.4096711
2019-05-30,5576.74222555,2724.39,8301.13222555
2019-05-31,5554.40566101,2724.39,8278.79566101
2019-06-03,5540.957236,2724.39,8265.347236
2019-06-04,5518.45445249,2724.39,8242.84445249
2019-06-05,5501.65203687,2724.39,8226.04203687
2019-06-06,5466.61467639,2724.39,8191.004676389999
2019-06-10,5458.07399551,2724.39,8182.463995509999
2019-06-11,5460.76092112,2724.39,8185.150921119999
2019-06-12,5470.92700496,2724.39,8195.31700496
2019-06-13,5475.06113249,2724.39,8199.45113249
2019-06-14,5453.65849561,2724.39,8178.048495609999
2019-06-17,5449.06059569,2724.39,8173.450595689999
2019-06-18,5436.89979601,2724.39,8161.28979601
2019-06-19,5431.9421232,2724.39,8156.3321232
2019-06-20,5454.74733422,2724.39,8179.13733422
2019-06-21,5448.09211659,2724.39,8172.482116589999
2019-06-24,5469.22849389,2724.39,8193.61849389
2019-06-25,5482.6717441,2724.39,8207.0617441
2019-06-26,5477.99690532,2724.39,8202.38690532
2019-06-27,5476.17686319,2724.39,8200.56686319
2019-06-28,5454.0361182,2724.39,8178.426118199999
2019-07-01,5481.15136533,2724.39,8205.54136533
2019-07-02,5493.29550799,2724.39,8217.68550799
2019-07-03,5504.88925077,2724.39,8229.27925077
2019-07-04,5506.07512075,2724.39,8230.46512075
2019-07-05,5497.58208389,2724.39,8221.97208389
2019-07-08,5492.80291963,2724.39,8217.19291963
2019-07-09,5487.42383856,2724.39,8211.81383856
2019-07-10,5485.02478946,2724.39,8209.41478946
2019-07-11,5467.36009397,2724.39,8191.75009397
2019-07-12,5452.92920109,2724.39,8177.31920109
2019-07-15,5468.29583252,2724.39,8192.68583252
2019-07-16,5464.19207751,2724.39,8188.58207751
2019-07-17,5467.70795139,2724.39,8192.09795139
2019-07-18,5458.91094423,2724.39,8183.300944229999
2019-07-19,5441.17046863,2724.39,8165.560468629999
2019-07-22,5423.17389721,2724.39,8147.5638972100005
2019-07-23,5408.85652598,2724.39,8133.246525979999
2019-07-24,5408.38721429,2724.39,8132.777214289999
2019-07-25,5406.17344435,2724.39,8130.56344435
2019-07-26,5397.52245878,2724.39,8121.91245878
2019-07-29,5411.03076216,2724.39,8135.42076216
2019-07-30,5411.9207194,2724.39,8136.3107194
2019-07-31,5407.46046599,2724.39,8131.850465989999
2019-08-01,5406.82032669,2724.39,8131.210326689999
2019-08-02,5389.2699803,2724.39,8113.659980299999
2019-08-05,5390.8866104,2724.39,8115.2766104
2019-08-06,5364.49029,2724.39,8088.880289999999
2019-08-07,5343.35401053,2724.39,8067.744010529999
2019-08-08,5334.81575844,2724.39,8059.205758439999
2019-08-09,5312.40738575,2724.39,8036.79738575
2019-08-12,5315.67416332,2724.39,8040.064163319999
2019-08-13,5318.5517086,2724.39,8042.941708599999
2019-08-14,5320.9396472,2724.39,8045.3296472
2019-08-15,5312.87578318,2724.39,8037.265783180001
2019-08-16,5309.38203843,2724.39,8033.772038429999
2019-08-19,5347.98962347,2724.39,8072.37962347
2019-08-20,5350.69125138,2724.39,8075.081251379999
2019-08-21,5356.53416579,2724.39,8080.92416579
2019-08-22,5361.49988643,2724.39,8085.889886429999
2019-08-23,5349.54183704,2724.39,8073.93183704
2019-08-26,5365.44973668,2724.39,8089.83973668
2019-08-27,5362.84871635,2724.39,8087.238716350001
2019-08-28,5371.03608725,2724.39,8095.42608725
2019-08-29,5387.87831176,2724.39,8112.268311759999
2019-08-30,5385.41616594,2724.39,8109.806165939999
2019-09-02,5402.59932065,2724.39,8126.98932065
2019-09-03,5403.21825192,2724.39,8127.608251919999
2019-09-04,5409.78840534,2724.39,8134.178405340001
2019-09-05,5420.59512654,2724.39,8144.985126539999
2019-09-06,5413.15600123,2724.39,8137.546001229999
2019-09-09,5458.31543383,2724.39,8182.70543383
2019-09-10,5472.6611061,2724.39,8197.0511061
2019-09-11,5481.31519774,2724.39,8205.70519774
2019-09-12,5459.74771941,2724.39,8184.1377194100005
2019-09-16,5490.29500599,2724.39,8214.68500599
2019-09-17,5500.22693898,2724.39,8224.61693898
2019-09-18,5502.56286908,2724.39,8226.95286908
2019-09-19,5513.74200309,2724.39,8238.13200309
2019-09-20,5500.48535904,2724.39,8224.87535904
2019-09-23,5508.26508305,2724.39,8232.65508305
2019-09-24,5501.71649766,2724.39,8226.10649766
2019-09-25,5482.62512825,2724.39,8207.01512825
2019-09-26,5458.78128202,2724.39,8183.171282019999
2019-09-27,5435.4741761,2724.39,8159.8641761
2019-09-30,5387.91089316,2724.39,8112.30089316
2019-10-08,5411.73606913,2724.39,8136.126069129999
2019-10-09,5419.90984143,2724.39,8144.29984143
2019-10-10,5424.11429535,2724.39,8148.50429535
2019-10-11,5410.53440557,2724.39,8134.92440557
2019-10-14,5441.65541216,2724.39,8166.04541216
2019-10-15,5436.77569235,2724.39,8161.1656923499995
2019-10-16,5437.9059515,2724.39,8162.2959515
2019-10-17,5430.6715958,2724.39,8155.0615958
2019-10-18,5413.97950787,2724.39,8138.36950787
2019-10-21,5417.19877028,2724.39,8141.588770279999
2019-10-22,5424.55008256,2724.39,8148.9400825600005
2019-10-23,5425.90711121,2724.39,8150.29711121
2019-10-24,5435.86678053,2724.39,8160.2567805300005
2019-10-25,5433.51773604,2724.39,8157.907736040001
2019-10-28,5453.52851087,2724.39,8177.91851087
2019-10-29,5447.8686304,2724.39,8172.2586304
2019-10-30,5444.49761544,2724.39,8168.88761544
2019-10-31,5430.40299737,2724.39,8154.792997369999
2019-11-01,5426.75980074,2724.39,8151.1498007400005
2019-11-04,5430.20295419,2724.39,8154.5929541900005
2019-11-05,5440.2902968,2724.39,8164.680296799999
2019-11-06,5439.99526706,2724.39,8164.385267059999
2019-11-07,5441.88094794,2724.39,8166.27094794
2019-11-08,5432.55280042,2724.39,8156.94280042
2019-11-11,5417.55441181,2724.39,8141.94441181
2019-11-12,5413.60163467,2724.39,8137.991634669999
2019-11-13,5420.48023809,2724.39,8144.8702380899995
2019-11-14,5427.25646617,2724.39,8151.646466169999
2019-11-15,5411.12917831,2724.39,8135.51917831
2019-11-18,5415.33326643,2724.39,8139.723266429999
2019-11-19,5427.21380946,2724.39,8151.603809460001
2019-11-20,5430.39825777,2724.39,8154.78825777
2019-11-21,5440.24320788,2724.39,8164.633207880001
2019-11-22,5425.5870161,2724.39,8149.9770161
2019-11-25,5429.94841271,2724.39,8154.33841271
2019-11-26,5410.48628299,2724.39,8134.876282990001
2019-11-27,5415.40132118,2724.39,8139.7913211800005
2019-11-28,5405.57833985,2724.39,8129.96833985
2019-11-29,5405.89918492,2724.39,8130.2891849200005
2019-12-02,5407.93588479,2724.39,8132.32588479
2019-12-03,5418.2054964,2724.39,8142.595496399999
2019-12-04,5424.74281717,2724.39,8149.132817170001
2019-12-05,5429.482252,2724.39,8153.872251999999
2019-12-06,5429.00227729,2724.39,8153.3922772900005
2019-12-09,5438.60276636,2724.39,8162.992766359999
2019-12-10,5443.2460184,2724.39,8167.6360184000005
2019-12-11,5448.26951629,2724.39,8172.659516289999
2019-12-12,5447.62356034,2724.39,8172.0135603399995
2019-12-13,5444.31163367,2724.39,8168.70163367
2019-12-16,5482.88053609,2724.39,8207.27053609
2019-12-17,5515.16610507,2724.39,8239.55610507
2019-12-18,5544.66188124,2724.39,8269.05188124
2019-12-19,5563.09366942,2724.39,8287.48366942
2019-12-20,5550.35446253,2724.39,8274.74446253
2019-12-23,5560.03821374,2724.39,8284.42821374
2019-12-24,5544.00951209,2724.39,8268.39951209
2019-12-25,5550.15167639,2724.39,8274.54167639
2019-12-26,5559.95394376,2724.39,8284.34394376
2019-12-27,5551.11529883,2724.39,8275.50529883
2019-12-30,5589.17674707,2724.39,8313.56674707
2019-12-31,5590.55426838,2724.39,8314.94426838
2020-01-02,5613.96722311,2724.39,8338.35722311
2020-01-03,5627.1088101,2724.39,8351.4988101
2020-01-06,5677.60802437,2724.39,8401.99802437
2020-01-07,5687.93261762,2724.39,8412.32261762
2020-01-08,5707.40658657,2724.39,8431.79658657
2020-01-09,5718.19012961,2724.39,8442.58012961
2020-01-10,5707.39934602,2724.39,8431.78934602
2020-01-13,5730.21434835,2724.39,8454.60434835
2020-01-14,5749.4520777,2724.39,8473.8420777
2020-01-15,5759.2913279,2724.39,8483.6813279
2020-01-16,5765.58354303,2724.39,8489.97354303
2020-01-17,5754.91812969,2724.39,8479.30812969
2020-01-20,5763.03022728,2724.39,8487.42022728
2020-01-21,5763.01105902,2724.39,8487.40105902
2020-01-22,5763.30861708,2724.39,8487.69861708
2020-01-23,5683.73798279,2724.39,8408.12798279
2020-02-03,5619.75455459,2724.39,8344.14455459
2020-02-04,5599.52837462,2724.39,8323.91837462
2020-02-05,5592.32297605,2724.39,8316.71297605
2020-02-06,5620.22699504,2724.39,8344.61699504
2020-02-07,5619.20858486,2724.39,8343.59858486
2020-02-10,5638.95597858,2724.39,8363.34597858
2020-02-11,5624.60299122,2724.39,8348.99299122
2020-02-12,5647.05327037,2724.39,8371.44327037
2020-02-13,5652.69286069,2724.39,8377.08286069
2020-02-14,5648.42574521,2724.39,8372.81574521
2020-02-17,5689.27550285,2724.39,8413.665502849999
2020-02-18,5736.02028083,2724.39,8460.41028083
2020-02-19,5740.72376028,2724.39,8465.113760279999
2020-02-20,5777.70431812,2724.39,8502.09431812
2020-02-21,5799.70674213,2724.39,8524.09674213
2020-02-24,5864.15776616,2724.39,8588.54776616
2020-02-25,5901.1584898,2724.39,8625.5484898
2020-02-26,5911.18726025,2724.39,8635.57726025
2020-02-27,5899.14863168,2724.39,8623.53863168
2020-02-28,5822.09646574,2724.39,8546.48646574
2020-03-02,5848.92862349,2724.39,8573.31862349
2020-03-03,5877.08596032,2724.39,8601.47596032
2020-03-04,5892.2325685,2724.39,8616.622568499999
2020-03-05,5946.28864283,2724.39,8670.67864283
2020-03-06,5904.60217993,2724.39,8628.99217993
2020-03-09,5911.8117756,2724.39,8636.2017756
2020-03-10,5913.94308733,2724.39,8638.33308733
2020-03-11,5907.56731201,2724.39,8631.95731201
2020-03-12,5890.62499522,2724.39,8615.014995219999
2020-03-13,5858.66095442,2724.39,8583.05095442
2020-03-16,5789.48250524,2724.39,8513.87250524
2020-03-17,5793.0026573,2724.39,8517.392657299999
2020-03-18,5754.53741797,2724.39,8478.92741797
2020-03-19,5767.95028671,2724.39,8492.34028671
2020-03-20,5734.55088179,2724.39,8458.94088179
2020-03-23,5696.97127931,2724.39,8421.36127931
2020-03-24,5685.32351819,2724.39,8409.71351819
2020-03-25,5692.39231247,2724.39,8416.78231247
2020-03-26,5677.75129391,2724.39,8402.14129391
2020-03-27,5654.7773257,2724.39,8379.1673257
2020-03-30,5640.31495104,2724.39,8364.70495104
2020-03-31,5627.1301995,2724.39,8351.5201995
2020-04-01,5593.05882671,2724.39,8317.44882671
2020-04-02,5585.26402294,2724.39,8309.65402294
2020-04-03,5546.42771517,2724.39,8270.81771517
2020-04-07,5560.05279122,2724.39,8284.442791219999
2020-04-08,5550.44653995,2724.39,8274.83653995
2020-04-09,5551.31422688,2724.39,8275.70422688
2020-04-10,5521.22826513,2724.39,8245.61826513
2020-04-13,5514.02967203,2724.39,8238.41967203
2020-04-14,5514.53038319,2724.39,8238.92038319
2020-04-15,5514.00055359,2724.39,8238.39055359
2020-04-16,5527.24896743,2724.39,8251.63896743
2020-04-17,5511.48283066,2724.39,8235.87283066
2020-04-20,5520.92865833,2724.39,8245.31865833
2020-04-21,5520.24405126,2724.39,8244.63405126
2020-04-22,5529.74194763,2724.39,8254.13194763
2020-04-23,5529.95180646,2724.39,8254.34180646
2020-04-24,5500.33499023,2724.39,8224.72499023
2020-04-27,5491.9016375,2724.39,8216.2916375
2020-04-28,5467.19357234,2724.39,8191.58357234
2020-04-29,5436.84772162,2724.39,8161.23772162
2020-04-30,5400.870485,2724.39,8125.260485000001
2020-05-06,5464.2769855,2724.39,8188.6669855
2020-05-07,5489.83059716,2724.39,8214.22059716
2020-05-08,5500.55155563,2724.39,8224.94155563
2020-05-11,5531.37209402,2724.39,8255.76209402
2020-05-12,5544.21178255,2724.39,8268.60178255
2020-05-13,5548.29513206,2724.39,8272.68513206
2020-05-14,5556.69875057,2724.39,8281.08875057
2020-05-15,5550.66959688,2724.39,8275.05959688
2020-05-18,5565.68601275,2724.39,8290.07601275
2020-05-19,5585.1680231,2724.39,8309.5580231
2020-05-20,5580.71029282,2724.39,8305.10029282
2020-05-21,5576.11667024,2724.39,8300.50667024
2020-05-22,5563.39825469,2724.39,8287.78825469
2020-05-25,5564.76814207,2724.39,8289.15814207
2020-05-26,5574.99732122,2724.39,8299.38732122
2020-05-27,5575.5212721,2724.39,8299.9112721
2020-05-28,5566.79561665,2724.39,8291.18561665
2020-05-29,5550.18097562,2724.39,8274.57097562
2020-06-01,5595.77690993,2724.39,8320.16690993
2020-06-02,5600.49208115,2724.39,8324.882081149999
2020-06-03,5603.53938047,2724.39,8327.92938047
2020-06-04,5621.54767159,2724.39,8345.93767159
2020-06-05,5626.93813584,2724.39,8351.32813584
2020-06-08,5646.23246283,2724.39,8370.62246283
2020-06-09,5653.24951356,2724.39,8377.63951356
2020-06-10,5661.39309135,2724.39,8385.78309135
2020-06-11,5676.97168308,2724.39,8401.36168308
2020-06-12,5677.84675205,2724.39,8402.23675205
2020-06-15,5692.18261248,2724.39,8416.57261248
2020-06-16,5717.08480538,2724.39,8441.47480538
2020-06-17,5726.29011059,2724.39,8450.68011059
2020-06-18,5747.02654882,2724.39,8471.41654882
2020-06-19,5745.84041996,2724.39,8470.23041996
2020-06-22,5799.97002944,2724.39,8524.36002944
2020-06-23,5823.62137952,2724.39,8548.01137952
2020-06-24,5789.86495858,2724.39,8514.25495858
2020-06-29,5831.49719849,2724.39,8555.88719849
2020-06-30,5885.4116617,2724.39,8609.8016617
2020-07-01,5934.99380417,2724.39,8659.38380417
2020-07-02,5993.89899784,2724.39,8718.28899784
2020-07-03,6061.87612076,2724.39,8786.26612076
2020-07-06,6275.56881275,2724.39,8999.95881275
2020-07-07,6404.90679043,2724.39,9129.29679043
2020-07-08,6577.5581385,2724.39,9301.9481385
2020-07-09,6698.14955947,2724.39,9422.53955947
2020-07-10,6787.35135575,2724.39,9511.74135575
2020-07-13,6939.69954893,2724.39,9664.08954893
2020-07-14,7003.04768072,2724.39,9727.43768072
2020-07-15,7030.88755528,2724.39,9755.27755528
2020-07-16,7015.64857416,2724.39,9740.03857416
2020-07-17,6968.44708851,2724.39,9692.83708851
2020-07-20,7010.56904736,2724.39,9734.95904736
2020-07-21,7014.17603825,2724.39,9738.56603825
2020-07-22,7040.25960797,2724.39,9764.64960797
2020-07-23,7080.63785728,2724.39,9805.02785728
2020-07-24,7007.15314451,2724.39,9731.54314451
2020-07-27,7032.59741449,2724.39,9756.98741449
2020-07-28,7038.51065382,2724.39,9762.90065382
2020-07-29,7095.81445856,2724.39,9820.20445856
2020-07-30,7125.9077864,2724.39,9850.2977864
2020-07-31,7151.21775818,2724.39,9875.60775818
2020-08-03,7251.37948042,2724.39,9975.76948042
2020-08-04,7256.83475209,2724.39,9981.22475209
2020-08-05,7326.90221755,2724.39,10051.29221755
2020-08-06,7346.08599055,2724.39,10070.47599055
2020-08-07,7294.9766699,2724.39,10019.3666699
2020-08-10,7326.24432487,2724.39,10050.63432487
2020-08-11,7296.71717222,2724.39,10021.10717222
2020-08-12,7265.84281714,2724.39,9990.23281714
2020-08-13,7265.45298137,2724.39,9989.84298137
2020-08-14,7230.80350545,2724.39,9955.193505449999
2020-08-17,7320.81513102,2724.39,10045.20513102
2020-08-18,7371.39287741,2724.39,10095.78287741
2020-08-19,7381.02277544,2724.39,10105.41277544
2020-08-20,7368.08467432,2724.39,10092.47467432
2020-08-21,7352.21001471,2724.39,10076.60001471
2020-08-24,7362.31596569,2724.39,10086.70596569
2020-08-25,7346.10783208,2724.39,10070.49783208
2020-08-26,7315.26000698,2724.39,10039.65000698
2020-08-27,7315.88258795,2724.39,10040.27258795
2020-08-28,7327.83678329,2724.39,10052.22678329
2020-08-31,7374.96841386,2724.39,10099.35841386
2020-09-01,7385.62557286,2724.39,10110.01557286
2020-09-02,7413.83469957,2724.39,10138.22469957
2020-09-03,7406.58070283,2724.39,10130.97070283
2020-09-04,7388.86120757,2724.39,10113.25120757
2020-09-07,7372.69953161,2724.39,10097.08953161
2020-09-08,7360.96993567,2724.39,10085.35993567
2020-09-09,7336.9106134,2724.39,10061.3006134
2020-09-10,7291.23226445,2724.39,10015.62226445
2020-09-11,7281.1176091,2724.39,10005.5076091
2020-09-14,7290.61180106,2724.39,10015.00180106
2020-09-15,7291.17519444,2724.39,10015.56519444
2020-09-16,7284.39717981,2724.39,10008.78717981
2020-09-17,7300.29382106,2724.39,10024.68382106
2020-09-18,7312.66023818,2724.39,10037.05023818
2020-09-21,7307.26552552,2724.39,10031.65552552
2020-09-22,7312.47489707,2724.39,10036.86489707
2020-09-23,7323.05245167,2724.39,10047.44245167
2020-09-24,7328.58922643,2724.39,10052.97922643
2020-09-25,7308.0178348,2724.39,10032.4078348
2020-09-28,7283.2500359,2724.39,10007.6400359
2020-09-29,7269.2842018,2724.39,9993.6742018
2020-09-30,7187.73947637,2724.39,9912.12947637
2020-10-09,7226.23954673,2724.39,9950.62954673
2020-10-12,7264.184148,2724.39,9988.574148
2020-10-13,7294.74250695,2724.39,10019.13250695
2020-10-14,7319.54188699,2724.39,10043.93188699
2020-10-15,7314.54593803,2724.39,10038.93593803
2020-10-16,7301.57187663,2724.39,10025.96187663
2020-10-19,7317.51610228,2724.39,10041.90610228
2020-10-20,7321.94798565,2724.39,10046.33798565
2020-10-21,7325.58183793,2724.39,10049.97183793
2020-10-22,7332.09692892,2724.39,10056.48692892
2020-10-23,7288.85246959,2724.39,10013.242469589999
2020-10-26,7280.64512071,2724.39,10005.03512071
2020-10-27,7284.01575575,2724.39,10008.40575575
2020-10-28,7292.3308178,2724.39,10016.7208178
2020-10-29,7302.054686,2724.39,10026.444686
2020-10-30,7265.79583483,2724.39,9990.18583483
2020-11-02,7267.61818581,2724.39,9992.00818581
2020-11-03,7282.62128568,2724.39,10007.01128568
2020-11-04,7296.38305309,2724.39,10020.77305309
2020-11-05,7313.06759721,2724.39,10037.45759721
2020-11-06,7303.0764847,2724.39,10027.4664847
2020-11-09,7365.47030957,2724.39,10089.86030957
2020-11-10,7363.48759208,2724.39,10087.87759208
2020-11-11,7351.94222361,2724.39,10076.33222361
2020-11-12,7351.55468482,2724.39,10075.94468482
2020-11-13,7357.96686341,2724.39,10082.35686341
2020-11-16,7381.05266238,2724.39,10105.44266238
2020-11-17,7381.90820752,2724.39,10106.29820752
2020-11-18,7387.24749306,2724.39,10111.63749306
2020-11-19,7379.23991149,2724.39,10103.62991149
2020-11-20,7378.6546267,2724.39,10103.0446267
2020-11-23,7426.75022714,2724.39,10151.14022714
2020-11-24,7450.84788566,2724.39,10175.23788566
2020-11-25,7461.80978294,2724.39,10186.19978294
2020-11-26,7449.73294987,2724.39,10174.12294987
2020-11-27,7434.89604691,2724.39,10159.28604691
2020-11-30,7470.6139919,2724.39,10195.0039919
2020-12-01,7496.57391509,2724.39,10220.96391509
2020-12-02,7528.28422299,2724.39,10252.67422299
2020-12-03,7539.85375607,2724.39,10264.24375607
2020-12-04,7542.58913777,2724.39,10266.97913777
2020-12-07,7568.51607868,2724.39,10292.90607868
2020-12-08,7579.76387724,2724.39,10304.15387724
2020-12-09,7545.19180325,2724.39,10269.58180325
2020-12-10,7556.49047599,2724.39,10280.88047599
2020-12-11,7536.13864795,2724.39,10260.52864795
2020-12-14,7557.09036504,2724.39,10281.480365039999
2020-12-15,7563.68148234,2724.39,10288.07148234
2020-12-16,7572.50182818,2724.39,10296.89182818
2020-12-17,7585.68721435,2724.39,10310.07721435
2020-12-18,7591.71142789,2724.39,10316.10142789
2020-12-21,7636.6423081,2724.39,10361.0323081
2020-12-22,7643.20464544,2724.39,10367.59464544
2020-12-23,7662.9095569,2724.39,10387.2995569
2020-12-24,7657.92112747,2724.39,10382.31112747
2020-12-25,7673.03833177,2724.39,10397.42833177
2020-12-28,7692.27904714,2724.39,10416.66904714
2020-12-29,7665.65014922,2724.39,10390.04014922
2020-12-30,7687.13795726,2724.39,10411.52795726
2020-12-31,7683.66961044,2724.39,10408.05961044
2021-01-04,7804.9021931,2724.39,10529.2921931
2021-01-05,7864.85232814,2724.39,10589.24232814
2021-01-06,7897.02817707,2724.39,10621.41817707
2021-01-07,7925.07228848,2724.39,10649.46228848
2021-01-08,7927.70084113,2724.39,10652.09084113
2021-01-11,7933.78564093,2724.39,10658.17564093
2021-01-12,7993.90393893,2724.39,10718.293938929999
2021-01-13,8024.44845154,2724.39,10748.83845154
2021-01-14,8027.48756831,2724.39,10751.87756831
2021-01-15,8016.16826104,2724.39,10740.55826104
2021-01-18,8050.75741296,2724.39,10775.14741296
2021-01-19,8078.54268016,2724.39,10802.93268016
2021-01-20,8112.52474957,2724.39,10836.91474957
2021-01-21,8159.92756519,2724.39,10884.31756519
2021-01-22,8154.03994518,2724.39,10878.42994518
2021-01-25,8193.91832231,2724.39,10918.30832231
2021-01-26,8160.8456963,2724.39,10885.2356963
2021-01-27,8162.37694539,2724.39,10886.76694539
2021-01-28,8145.68038845,2724.39,10870.07038845
2021-01-29,8085.30764245,2724.39,10809.697642449999
2021-02-01,8079.00109492,2724.39,10803.39109492
2021-02-02,8074.18158794,2724.39,10798.57158794
2021-02-03,8071.8997876,2724.39,10796.2897876
2021-02-04,8029.02827539,2724.39,10753.41827539
2021-02-05,7985.37947597,2724.39,10709.76947597
2021-02-08,7963.55371775,2724.39,10687.94371775
2021-02-09,7969.72031083,2724.39,10694.11031083
2021-02-10,7875.16930548,2724.39,10599.55930548
2021-02-18,7986.74299752,2724.39,10711.13299752
2021-02-19,8024.3760332,2724.39,10748.7660332
2021-02-22,8103.6045257,2724.39,10827.9945257
2021-02-23,8084.09083165,2724.39,10808.48083165
2021-02-24,8090.20164487,2724.39,10814.591644869999
2021-02-25,8091.29415626,2724.39,10815.68415626
2021-02-26,8063.06694237,2724.39,10787.45694237
2021-03-01,8101.17759809,2724.39,10825.56759809
2021-03-02,8118.73629757,2724.39,10843.12629757
2021-03-03,8121.00512664,2724.39,10845.39512664
2021-03-04,8090.64212364,2724.39,10815.03212364
2021-03-05,8062.21304478,2724.39,10786.60304478
2021-03-08,8066.17415006,2724.39,10790.56415006
2021-03-09,8022.76032864,2724.39,10747.15032864
2021-03-10,7991.46556678,2724.39,10715.85556678
2021-03-11,8003.21367759,2724.39,10727.60367759
2021-03-12,7982.67706264,2724.39,10707.06706264
2021-03-15,8005.32718804,2724.39,10729.71718804
2021-03-16,7987.52178835,2724.39,10711.91178835
2021-03-17,7995.59077424,2724.39,10719.98077424
2021-03-18,7979.38882384,2724.39,10703.77882384
2021-03-19,7971.13296291,2724.39,10695.52296291
2021-03-22,7990.80919527,2724.39,10715.19919527
2021-03-23,7978.2978059,2724.39,10702.6878059
2021-03-24,7971.66421861,2724.39,10696.05421861
2021-03-25,7948.74768272,2724.39,10673.13768272
2021-03-26,7941.26530855,2724.39,10665.65530855
2021-03-29,7950.15266755,2724.39,10674.54266755
2021-03-30,7957.73068523,2724.39,10682.12068523
2021-03-31,7970.53733339,2724.39,10694.92733339
2021-04-01,7959.49098021,2724.39,10683.88098021
2021-04-02,7941.50731478,2724.39,10665.89731478
2021-04-06,7969.54365915,2724.39,10693.93365915
2021-04-07,7999.96518343,2724.39,10724.35518343
2021-04-08,8003.40627444,2724.39,10727.79627444
2021-04-09,7998.47556152,2724.39,10722.86556152
2021-04-12,7991.61820983,2724.39,10716.008209829999
2021-04-13,7960.09150413,2724.39,10684.48150413
2021-04-14,7967.69159448,2724.39,10692.08159448
2021-04-15,7968.17584862,2724.39,10692.565848619999
2021-04-16,7960.60470679,2724.39,10684.99470679
2021-04-19,7981.63983816,2724.39,10706.02983816
2021-04-20,7993.79211818,2724.39,10718.18211818
2021-04-21,8002.09654159,2724.39,10726.48654159
2021-04-22,8013.62797628,2724.39,10738.01797628
2021-04-23,7989.1512781,2724.39,10713.5412781
2021-04-26,8006.06899865,2724.39,10730.45899865
2021-04-27,7997.8484152,2724.39,10722.2384152
2021-04-28,8010.48423429,2724.39,10734.87423429
2021-04-29,7995.93299537,2724.39,10720.32299537
2021-04-30,7933.51750738,2724.39,10657.90750738
2021-05-06,7977.16392311,2724.39,10701.55392311
2021-05-07,7979.91832859,2724.39,10704.30832859
2021-05-10,8015.40647009,2724.39,10739.79647009
2021-05-11,8024.69810548,2724.39,10749.08810548
2021-05-12,8042.77321885,2724.39,10767.16321885
2021-05-13,8052.29017067,2724.39,10776.68017067
2021-05-14,8048.00999074,2724.39,10772.39999074
2021-05-17,8070.6581916,2724.39,10795.048191599999
2021-05-18,8085.87241994,2724.39,10810.26241994
2021-05-19,8104.81964331,2724.39,10829.20964331
2021-05-20,8114.62296683,2724.39,10839.01296683
2021-05-21,8106.70237086,2724.39,10831.09237086
2021-05-24,8136.7454545,2724.39,10861.1354545
2021-05-25,8142.61003267,2724.39,10867.00003267
2021-05-26,8164.90842964,2724.39,10889.298429639999
2021-05-27,8207.29295439,2724.39,10931.68295439
2021-05-28,8219.72013714,2724.39,10944.11013714
2021-05-31,8279.53586295,2724.39,11003.92586295
2021-06-01,8324.69753416,2724.39,11049.087534159999
2021-06-02,8338.82640084,2724.39,11063.21640084
2021-06-03,8347.74042167,2724.39,11072.13042167
2021-06-04,8333.01157301,2724.39,11057.40157301
2021-06-07,8376.59288066,2724.39,11100.98288066
2021-06-08,8381.14869374,2724.39,11105.53869374
2021-06-09,8385.89270926,2724.39,11110.28270926
2021-06-10,8401.53205978,2724.39,11125.92205978
2021-06-11,8374.08440042,2724.39,11098.47440042
2021-06-15,8410.56218056,2724.39,11134.95218056
2021-06-16,8398.98644373,2724.39,11123.37644373
2021-06-17,8427.80416135,2724.39,11152.19416135
2021-06-18,8450.59995477,2724.39,11174.989954769999
2021-06-21,8481.31601893,2724.39,11205.70601893
2021-06-22,8512.73356925,2724.39,11237.12356925
2021-06-23,8518.13694053,2724.39,11242.526940529999
2021-06-24,8527.82054553,2724.39,11252.210545529999
2021-06-25,8526.21255199,2724.39,11250.60255199
2021-06-28,8581.17612067,2724.39,11305.566120669999
2021-06-29,8607.23220494,2724.39,11331.62220494
2021-06-30,8628.22810436,2724.39,11352.618104359999
2021-07-01,8571.76520953,2724.39,11296.15520953
2021-07-02,8563.83116685,2724.39,11288.221166849999
2021-07-05,8597.28229295,2724.39,11321.67229295
2021-07-06,8596.43243967,2724.39,11320.822439669999
2021-07-07,8637.53184065,2724.39,11361.921840649999
2021-07-08,8667.22341986,2724.39,11391.61341986
2021-07-09,8668.11908074,2724.39,11392.50908074
2021-07-12,8720.53294616,2724.39,11444.922946159999
2021-07-13,8741.28252202,2724.39,11465.672522019999
2021-07-14,8728.99264566,2724.39,11453.38264566
2021-07-15,8723.44914304,2724.39,11447.839143039999
2021-07-16,8712.47201089,2724.39,11436.86201089
2021-07-19,8722.04634809,2724.39,11446.43634809
2021-07-20,8725.74217435,2724.39,11450.13217435
2021-07-21,8762.63677708,2724.39,11487.02677708
2021-07-22,8811.45142633,2724.39,11535.84142633
2021-07-23,8813.96553942,2724.39,11538.35553942
2021-07-26,8840.72314143,2724.39,11565.11314143
2021-07-27,8819.74200598,2724.39,11544.13200598
2021-07-28,8750.17626385,2724.39,11474.56626385
2021-07-29,8779.35876728,2724.39,11503.74876728
2021-07-30,8756.92505732,2724.39,11481.31505732
2021-08-02,8804.43503451,2724.39,11528.825034509999
2021-08-03,8792.17994964,2724.39,11516.56994964
2021-08-04,8819.72881172,2724.39,11544.11881172
2021-08-05,8828.04292001,2724.39,11552.43292001
2021-08-06,8841.72429529,2724.39,11566.114295289999
2021-08-09,8870.76996399,2724.39,11595.15996399
2021-08-10,8871.79157175,2724.39,11596.18157175
2021-08-11,8893.99169595,2724.39,11618.38169595
2021-08-12,8933.09284237,2724.39,11657.48284237
2021-08-13,8911.83785513,2724.39,11636.227855129999
2021-08-16,8908.15556382,2724.39,11632.54556382
2021-08-17,8859.23828822,2724.39,11583.62828822
2021-08-18,8875.00266893,2724.39,11599.392668929999
2021-08-19,8846.83739098,2724.39,11571.227390979999
2021-08-20,8823.09838568,2724.39,11547.488385679999
2021-08-23,8904.1778055,2724.39,11628.567805499999
2021-08-24,8934.29651301,2724.39,11658.68651301
2021-08-25,8953.34183375,2724.39,11677.73183375
2021-08-26,8984.06898219,2724.39,11708.458982189999
2021-08-27,8949.12847257,2724.39,11673.51847257
2021-08-30,8990.8966698,2724.39,11715.2866698
2021-08-31,8993.85982475,2724.39,11718.249824749999
2021-09-01,9013.44977545,2724.39,11737.83977545
2021-09-02,9026.56833418,2724.39,11750.958334179999
2021-09-03,9006.76269106,2724.39,11731.152691059999
2021-09-06,9060.99410796,2724.39,11785.384107959999
2021-09-07,9100.90394094,2724.39,11825.293940939999
2021-09-08,9163.46887959,2724.39,11887.85887959
2021-09-09,9227.85428017,2724.39,11952.24428017
2021-09-10,9235.83113669,2724.39,11960.22113669
2021-09-13,9307.6412976,2724.39,12032.031297599999
2021-09-14,9318.87499426,2724.39,12043.26499426
2021-09-15,9339.56191047,2724.39,12063.95191047
2021-09-16,9284.50655117,2724.39,12008.896551169999
2021-09-17,9182.29550357,2724.39,11906.68550357
2021-09-22,9225.35888976,2724.39,11949.74888976
2021-09-23,9267.21903101,2724.39,11991.609031009999
2021-09-24,9212.79018246,2724.39,11937.180182459999
2021-09-27,9143.64873491,2724.39,11868.03873491
2021-09-28,9129.97702505,2724.39,11854.36702505
2021-09-29,9069.96167002,2724.39,11794.35167002
2021-09-30,8962.54829811,2724.39,11686.938298109999
2021-10-08,9013.86226189,2724.39,11738.25226189
2021-10-11,9026.22940053,2724.39,11750.619400529999
2021-10-12,9007.4123136,2724.39,11731.8023136
2021-10-13,8988.70170634,2724.39,11713.09170634
2021-10-14,8987.38267985,2724.39,11711.772679849999
2021-10-15,8958.14114221,2724.39,11682.53114221
2021-10-18,9011.00271885,2724.39,11735.39271885
2021-10-19,9027.16530777,2724.39,11751.555307769999
2021-10-20,9057.82630328,2724.39,11782.21630328
2021-10-21,9061.55333844,2724.39,11785.94333844
2021-10-22,9031.52283548,2724.39,11755.91283548
2021-10-25,9059.11108778,2724.39,11783.50108778
2021-10-26,9086.01388757,2724.39,11810.403887569999
2021-10-27,9106.63397709,2724.39,11831.023977089999
2021-10-28,9068.12813649,2724.39,11792.51813649
2021-10-29,9038.6354883,2724.39,11763.0254883
2021-11-01,9049.0810743,2724.39,11773.4710743
2021-11-02,9022.1623893,2724.39,11746.552389299999
2021-11-03,9000.87292307,2724.39,11725.262923069999
2021-11-04,9024.39884671,2724.39,11748.78884671
2021-11-05,8957.95759951,2724.39,11682.34759951
2021-11-08,8968.75925401,2724.39,11693.149254009999
2021-11-09,8987.07817919,2724.39,11711.46817919
2021-11-10,8993.31842771,2724.39,11717.70842771
2021-11-11,8996.51946243,2724.39,11720.90946243
2021-11-12,8969.86190333,2724.39,11694.25190333
2021-11-15,8970.01566079,2724.39,11694.40566079
2021-11-16,8952.03793301,2724.39,11676.42793301
2021-11-17,8967.10208816,2724.39,11691.49208816
2021-11-18,8978.10789912,2724.39,11702.497899119999
2021-11-19,8969.57362621,2724.39,11693.96362621
2021-11-22,9023.71955149,2724.39,11748.109551489999
2021-11-23,9041.16936824,2724.39,11765.55936824
2021-11-24,9045.74071421,2724.39,11770.13071421
2021-11-25,9056.79295346,2724.39,11781.18295346
2021-11-26,9044.36858616,2724.39,11768.75858616
2021-11-29,9068.73810702,2724.39,11793.12810702
2021-11-30,9084.83085484,2724.39,11809.22085484
2021-12-01,9103.08466514,2724.39,11827.47466514
2021-12-02,9084.8987821,2724.39,11809.288782099999
2021-12-03,9074.43980718,2724.39,11798.82980718
2021-12-06,9074.63353414,2724.39,11799.02353414
2021-12-07,9061.17771051,2724.39,11785.56771051
2021-12-08,9078.81320453,2724.39,11803.20320453
2021-12-09,9088.80092802,2724.39,11813.19092802
2021-12-10,9100.33221248,2724.39,11824.72221248
2021-12-13,9139.50078858,2724.39,11863.89078858
2021-12-14,9153.38431382,2724.39,11877.77431382
2021-12-15,9172.86307636,2724.39,11897.253076359999
2021-12-16,9165.4258338,2724.39,11889.8158338
2021-12-17,9123.80095462,2724.39,11848.190954619999
2021-12-20,9112.83958963,2724.39,11837.22958963
2021-12-21,9102.11617764,2724.39,11826.50617764
2021-12-22,9107.05749396,2724.39,11831.447493959999
2021-12-23,9109.55003301,2724.39,11833.94003301
2021-12-24,9057.42911873,2724.39,11781.81911873
2021-12-27,9079.3663052,2724.39,11803.756305199999
2021-12-28,9096.65874508,2724.39,11821.04874508
2021-12-29,9086.22510506,2724.39,11810.61510506
2021-12-30,9085.62701859,2724.39,11810.017018589999
2021-12-31,9030.74844982,2724.39,11755.138449819999
2022-01-04,9060.57651977,2724.39,11784.96651977
2022-01-05,9041.67215798,2724.39,11766.062157979999
2022-01-06,9040.82746979,2724.39,11765.217469789999
2022-01-07,8958.1344233,2724.39,11682.5244233
2022-01-10,8968.73723408,2724.39,11693.127234079999
2022-01-11,8967.37126432,2724.39,11691.76126432
2022-01-12,8984.0557502,2724.39,11708.445750199999
2022-01-13,8972.15444391,2724.39,11696.54444391
2022-01-14,8955.39506386,2724.39,11679.78506386
2022-01-17,8967.35334253,2724.39,11691.743342529999
2022-01-18,8951.90092705,2724.39,11676.290927049999
2022-01-19,8920.08945432,2724.39,11644.479454319999
2022-01-20,8866.86826861,2724.39,11591.25826861
2022-01-21,8813.53735363,2724.39,11537.927353629999
2022-01-24,8794.3363637,2724.39,11518.7263637
2022-01-25,8757.61757447,2724.39,11482.007574469999
2022-01-26,8726.93075234,2724.39,11451.32075234
2022-01-27,8682.50393955,2724.39,11406.89393955
2022-01-28,8547.40314467,2724.39,11271.793144669999
2022-02-07,8559.01800819,2724.39,11283.40800819
2022-02-08,8544.84927188,2724.39,11269.23927188
2022-02-09,8548.50368933,2724.39,11272.89368933
2022-02-10,8535.70690387,2724.39,11260.096903869999
2022-02-11,8497.88559074,2724.39,11222.275590739999
2022-02-14,8525.06500811,2724.39,11249.455008109999
2022-02-15,8536.14767892,2724.39,11260.53767892
2022-02-16,8534.61937896,2724.39,11259.00937896
2022-02-17,8534.70424387,2724.39,11259.094243869999
2022-02-18,8512.55690984,2724.39,11236.946909839999
2022-02-21,8544.04344357,2724.39,11268.43344357
2022-02-22,8561.49573287,2724.39,11285.88573287
2022-02-23,8591.58753274,2724.39,11315.97753274
2022-02-24,8591.70791373,2724.39,11316.09791373
2022-02-25,8578.90092841,2724.39,11303.290928409999
2022-02-28,8580.10482942,2724.39,11304.49482942
2022-03-01,8583.04931586,2724.39,11307.43931586
2022-03-02,8590.52842301,2724.39,11314.91842301
2022-03-03,8583.43094456,2724.39,11307.820944559999
2022-03-04,8562.18564496,2724.39,11286.57564496
2022-03-07,8592.49648231,2724.39,11316.88648231
2022-03-08,8597.65307764,2724.39,11322.043077639999
2022-03-09,8568.88363483,2724.39,11293.273634829999
2022-03-10,8557.56680056,2724.39,11281.95680056
2022-03-11,8533.09031318,2724.39,11257.48031318
2022-03-14,8545.1773547,2724.39,11269.567354699999
2022-03-15,8486.23434249,2724.39,11210.624342489999
2022-03-16,8461.94275056,2724.39,11186.33275056
2022-03-17,8436.97373088,2724.39,11161.363730879999
2022-03-18,8375.39032759,2724.39,11099.780327589999
2022-03-21,8403.83540777,2724.39,11128.22540777
2022-03-22,8400.92127566,2724.39,11125.31127566
2022-03-23,8403.33260621,2724.39,11127.72260621
2022-03-24,8396.18088604,2724.39,11120.57088604
2022-03-25,8374.09442628,2724.39,11098.48442628
2022-03-28,8368.38011083,2724.39,11092.770110829999
2022-03-29,8358.96947038,2724.39,11083.359470379999
2022-03-30,8379.63805834,2724.39,11104.02805834
2022-03-31,8348.78658068,2724.39,11073.17658068
2022-04-01,8297.94726178,2724.39,11022.33726178
2022-04-06,8335.03942754,2724.39,11059.429427539999
2022-04-07,8317.06002323,2724.39,11041.45002323
2022-04-08,8288.3663409,2724.39,11012.7563409
2022-04-11,8258.5737458,2724.39,10982.9637458
2022-04-12,8249.19866194,2724.39,10973.588661939999
2022-04-13,8231.45306933,2724.39,10955.84306933
2022-04-14,8222.08340708,2724.39,10946.473407079999
2022-04-15,8183.88672866,2724.39,10908.27672866
2022-04-18,8184.59315143,2724.39,10908.98315143
2022-04-19,8183.41922489,2724.39,10907.80922489
2022-04-20,8187.24649829,2724.39,10911.63649829
2022-04-21,8142.4549155,2724.39,10866.8449155
2022-04-22,8080.88418338,2724.39,10805.27418338
2022-04-25,7987.77756593,2724.39,10712.16756593
2022-04-26,7853.42465926,2724.39,10577.81465926
2022-04-27,7794.34455889,2724.39,10518.73455889
2022-04-28,7743.83614466,2724.39,10468.22614466
2022-04-29,7683.84978166,2724.39,10408.23978166
2022-05-05,7703.58757845,2724.39,10427.97757845
2022-05-06,7706.36270872,2724.39,10430.75270872
2022-05-09,7725.94360832,2724.39,10450.33360832
2022-05-10,7730.26055278,2724.39,10454.65055278
2022-05-11,7752.40016082,2724.39,10476.790160819999
2022-05-12,7756.06280676,2724.39,10480.45280676
2022-05-13,7741.54774214,2724.39,10465.93774214
2022-05-16,7757.27439591,2724.39,10481.66439591
2022-05-17,7752.07185635,2724.39,10476.46185635
2022-05-18,7768.47783482,2724.39,10492.86783482
2022-05-19,7772.72455643,2724.39,10497.11455643
2022-05-20,7753.82706063,2724.39,10478.21706063
2022-05-23,7782.51389141,2724.39,10506.90389141
2022-05-24,7762.97399896,2724.39,10487.36399896
2022-05-25,7769.48782318,2724.39,10493.87782318
2022-05-26,7768.61193425,2724.39,10493.00193425
2022-05-27,7739.04370625,2724.39,10463.43370625
2022-05-30,7752.87251445,2724.39,10477.26251445
2022-05-31,7753.91474256,2724.39,10478.30474256
2022-06-01,7758.88801375,2724.39,10483.27801375
2022-06-02,7740.52689799,2724.39,10464.91689799
2022-06-06,7797.44766199,2724.39,10521.83766199
2022-06-07,7820.87338586,2724.39,10545.26338586
2022-06-08,7828.00121321,2724.39,10552.39121321
2022-06-09,7833.0846445,2724.39,10557.4746445
2022-06-10,7822.56232225,2724.39,10546.95232225
2022-06-13,7883.58540702,2724.39,10607.97540702
2022-06-14,7906.07292252,2724.39,10630.46292252
2022-06-15,7936.0992251,2724.39,10660.4892251
2022-06-16,7957.56728177,2724.39,10681.95728177
2022-06-17,7939.40350029,2724.39,10663.79350029
2022-06-20,7984.01593884,2724.39,10708.40593884
2022-06-21,7967.91144096,2724.39,10692.30144096
2022-06-22,7990.32181409,2724.39,10714.71181409
2022-06-23,7994.70136679,2724.39,10719.09136679
2022-06-24,7991.01774063,2724.39,10715.40774063
2022-06-27,8041.52526967,2724.39,10765.91526967
2022-06-28,8080.27652202,2724.39,10804.66652202
2022-06-29,8079.30379714,2724.39,10803.69379714
2022-06-30,8101.73314834,2724.39,10826.12314834
2022-07-01,8078.93323016,2724.39,10803.32323016
2022-07-04,8114.9401144,2724.39,10839.3301144
2022-07-05,8134.43887342,2724.39,10858.82887342
2022-07-06,8156.49145513,2724.39,10880.88145513
2022-07-07,8167.39788005,2724.39,10891.78788005
2022-07-08,8153.01810057,2724.39,10877.408100569999
2022-07-11,8158.19236317,2724.39,10882.58236317
2022-07-12,8144.27103321,2724.39,10868.661033209999
2022-07-13,8148.64156128,2724.39,10873.03156128
2022-07-14,8164.57913392,2724.39,10888.96913392
2022-07-15,8149.71261389,2724.39,10874.10261389
2022-07-18,8166.93870032,2724.39,10891.32870032
2022-07-19,8183.68021163,2724.39,10908.07021163
2022-07-20,8192.91476832,2724.39,10917.30476832
2022-07-21,8201.20344143,2724.39,10925.593441429999
2022-07-22,8191.25924113,2724.39,10915.64924113
2022-07-25,8188.7748764,2724.39,10913.1648764
2022-07-26,8182.71843241,2724.39,10907.10843241
2022-07-27,8198.46008863,2724.39,10922.850088629999
2022-07-28,8200.81385003,2724.39,10925.203850029999
2022-07-29,8180.61069544,2724.39,10905.00069544
2022-08-01,8189.92456447,2724.39,10914.31456447
2022-08-02,8134.62510618,2724.39,10859.01510618
2022-08-03,8122.91833769,2724.39,10847.30833769
2022-08-04,8137.0513965,2724.39,10861.4413965
2022-08-05,8130.49843823,2724.39,10854.88843823
2022-08-08,8146.4086908,2724.39,10870.7986908
2022-08-09,8169.62196621,2724.39,10894.01196621
2022-08-10,8183.75102481,2724.39,10908.14102481
2022-08-11,8181.75734041,2724.39,10906.14734041
2022-08-12,8157.76022678,2724.39,10882.15022678
2022-08-15,8179.5163291,2724.39,10903.9063291
2022-08-16,8192.54198291,2724.39,10916.931982909999
2022-08-17,8200.260803,2724.39,10924.650802999999
2022-08-18,8215.05494211,2724.39,10939.44494211
2022-08-19,8187.96898343,2724.39,10912.35898343
2022-08-22,8197.64989605,2724.39,10922.039896049999
2022-08-23,8212.73324019,2724.39,10937.12324019
2022-08-24,8185.20354358,2724.39,10909.59354358
2022-08-25,8169.65812332,2724.39,10894.04812332
2022-08-26,8137.29709479,2724.39,10861.68709479
2022-08-29,8141.51763169,2724.39,10865.90763169
2022-08-30,8129.9245694,2724.39,10854.3145694
2022-08-31,8077.29362103,2724.39,10801.68362103
2022-09-01,8059.56223789,2724.39,10783.95223789
2022-09-02,8045.47309813,2724.39,10769.86309813
2022-09-05,8047.17543345,2724.39,10771.56543345
2022-09-06,8035.13344268,2724.39,10759.52344268
2022-09-07,8042.03104743,2724.39,10766.42104743
2022-09-08,8029.36935915,2724.39,10753.759359149999
2022-09-09,7976.6588401,2724.39,10701.0488401
2022-09-13,7996.41281579,2724.39,10720.80281579
2022-09-14,7992.81463122,2724.39,10717.20463122
2022-09-15,7965.44742207,2724.39,10689.83742207
2022-09-16,7936.41670445,2724.39,10660.80670445
2022-09-19,7917.58426442,2724.39,10641.97426442
2022-09-20,7923.17272001,2724.39,10647.56272001
2022-09-21,7923.73742514,2724.39,10648.12742514
2022-09-22,7913.71965565,2724.39,10638.10965565
2022-09-23,7872.4783647,2724.39,10596.8683647
2022-09-26,7857.74425677,2724.39,10582.13425677
2022-09-27,7852.4010494,2724.39,10576.7910494
2022-09-28,7811.13221616,2724.39,10535.52221616
2022-09-29,7788.30915826,2724.39,10512.69915826
2022-09-30,7706.23751931,2724.39,10430.62751931
2022-10-10,7712.03514053,2724.39,10436.42514053
2022-10-11,7707.3510272,2724.39,10431.7410272
2022-10-12,7713.70482389,2724.39,10438.09482389
2022-10-13,7723.76809092,2724.39,10448.15809092
2022-10-14,7720.23311463,2724.39,10444.62311463
2022-10-17,7733.63951153,2724.39,10458.02951153
2022-10-18,7739.92838909,2724.39,10464.31838909
2022-10-19,7753.06396795,2724.39,10477.45396795
2022-10-20,7762.69929247,2724.39,10487.08929247
2022-10-21,7736.92767359,2724.39,10461.31767359
2022-10-24,7748.21459548,2724.39,10472.60459548
2022-10-25,7739.69828275,2724.39,10464.088282749999
2022-10-26,7758.33466675,2724.39,10482.72466675
2022-10-27,7747.9620461,2724.39,10472.3520461
2022-10-28,7685.99549673,2724.39,10410.38549673
2022-10-31,7687.36970587,2724.39,10411.75970587
2022-11-01,7696.67966856,2724.39,10421.06966856
2022-11-02,7702.84229577,2724.39,10427.23229577
2022-11-03,7726.23348328,2724.39,10450.62348328
2022-11-04,7724.62692744,2724.39,10449.01692744
2022-11-07,7759.00520228,2724.39,10483.39520228
2022-11-08,7772.24082043,2724.39,10496.63082043
2022-11-09,7778.24824498,2724.39,10502.63824498
2022-11-10,7775.50981686,2724.39,10499.89981686
2022-11-11,7735.52787965,2724.39,10459.91787965
2022-11-14,7739.20229118,2724.39,10463.59229118
2022-11-15,7757.06762626,2724.39,10481.45762626
2022-11-16,7758.39406247,2724.39,10482.78406247
2022-11-17,7772.88642064,2724.39,10497.27642064
2022-11-18,7746.0725592,2724.39,10470.4625592
2022-11-21,7770.77218098,2724.39,10495.16218098
2022-11-22,7768.34636854,2724.39,10492.73636854
2022-11-23,7770.02601688,2724.39,10494.416016879999
2022-11-24,7761.61135356,2724.39,10486.00135356
2022-11-25,7725.44316046,2724.39,10449.83316046
2022-11-28,7728.68801219,2724.39,10453.07801219
2022-11-29,7738.1817218,2724.39,10462.571721799999
2022-11-30,7714.24149549,2724.39,10438.631495489999
2022-12-01,7730.06882074,2724.39,10454.45882074
2022-12-02,7721.84356386,2724.39,10446.23356386
2022-12-05,7760.39754984,2724.39,10484.787549839999
2022-12-06,7761.035391,2724.39,10485.425391
2022-12-07,7771.82938303,2724.39,10496.21938303
2022-12-08,7771.98575304,2724.39,10496.37575304
2022-12-09,7761.38478545,2724.39,10485.77478545
2022-12-12,7794.77957495,2724.39,10519.16957495
2022-12-13,7787.06150308,2724.39,10511.45150308
2022-12-14,7770.87007843,2724.39,10495.26007843
2022-12-15,7777.54941694,2724.39,10501.93941694
2022-12-16,7747.32973259,2724.39,10471.71973259
2022-12-19,7732.95688119,2724.39,10457.34688119
2022-12-20,7737.41005498,2724.39,10461.80005498
2022-12-21,7721.31190941,2724.39,10445.70190941
2022-12-22,7703.08253069,2724.39,10427.47253069
2022-12-23,7678.08102655,2724.39,10402.47102655
2022-12-26,7692.83179666,2724.39,10417.22179666
2022-12-27,7683.001055,2724.39,10407.391055
2022-12-28,7664.72799612,2724.39,10389.11799612
2022-12-29,7667.60403679,2724.39,10391.99403679
2022-12-30,7625.14201807,2724.39,10349.53201807
2023-01-03,7643.50187189,2724.39,10367.89187189
2023-01-04,7644.18863386,2724.39,10368.57863386
2023-01-05,7647.79384596,2724.39,10372.18384596
2023-01-06,7633.4429662,2724.39,10357.8329662
2023-01-09,7648.24244326,2724.39,10372.63244326
2023-01-10,7649.94925871,2724.39,10374.33925871
2023-01-11,7637.7067198,2724.39,10362.0967198
2023-01-12,7623.79933298,2724.39,10348.18933298
2023-01-13,7598.45686031,2724.39,10322.84686031
2023-01-16,7603.1666453,2724.39,10327.5566453
2023-01-17,7588.25329203,2724.39,10312.64329203
2023-01-18,7566.22347867,2724.39,10290.61347867
2023-01-19,7557.2697424,2724.39,10281.6597424
2023-01-20,7479.19975441,2724.39,10203.58975441
2023-01-30,7583.24039887,2724.39,10307.63039887
2023-01-31,7615.54614916,2724.39,10339.93614916
2023-02-01,7655.93071927,2724.39,10380.32071927
2023-02-02,7678.38008722,2724.39,10402.77008722
2023-02-03,7687.24731038,2724.39,10411.63731038
2023-02-06,7712.65612492,2724.39,10437.04612492
2023-02-07,7730.91617246,2724.39,10455.30617246
2023-02-08,7736.92157939,2724.39,10461.31157939
2023-02-09,7737.89184027,2724.39,10462.28184027
2023-02-10,7721.76553297,2724.39,10446.15553297
2023-02-13,7751.15514066,2724.39,10475.54514066
2023-02-14,7767.91296318,2724.39,10492.30296318
2023-02-15,7788.14595507,2724.39,10512.53595507
2023-02-16,7776.14732387,2724.39,10500.53732387
2023-02-17,7753.79729131,2724.39,10478.18729131
2023-02-20,7776.18595903,2724.39,10500.57595903
2023-02-21,7789.9197783,2724.39,10514.3097783
2023-02-22,7809.0012109,2724.39,10533.3912109
2023-02-23,7810.42560533,2724.39,10534.815605329999
2023-02-24,7806.66428046,2724.39,10531.054280459999
2023-02-27,7805.03115387,2724.39,10529.42115387
2023-02-28,7809.00136995,2724.39,10533.391369949999
2023-03-01,7818.22473154,2724.39,10542.61473154
2023-03-02,7811.78829117,2724.39,10536.17829117
2023-03-03,7807.29766109,2724.39,10531.68766109
2023-03-06,7833.17669963,2724.39,10557.56669963
2023-03-07,7829.3696756,2724.39,10553.7596756
2023-03-08,7840.81753629,2724.39,10565.20753629
2023-03-09,7857.59082363,2724.39,10581.98082363
2023-03-10,7831.97568414,2724.39,10556.36568414
2023-03-13,7837.9993063,2724.39,10562.3893063
2023-03-14,7860.46973151,2724.39,10584.85973151
2023-03-15,7867.34165922,2724.39,10591.73165922
2023-03-16,7871.62950283,2724.39,10596.01950283
2023-03-17,7863.83574652,2724.39,10588.22574652
2023-03-20,7876.92438328,2724.39,10601.31438328
2023-03-21,7885.20782368,2724.39,10609.59782368
2023-03-22,7896.55461766,2724.39,10620.94461766
2023-03-23,7917.99900643,2724.39,10642.38900643
2023-03-24,7928.41223125,2724.39,10652.80223125
2023-03-27,7967.68269592,2724.39,10692.07269592
2023-03-28,7972.5223774,2724.39,10696.9123774
2023-03-29,7968.88526748,2724.39,10693.27526748
2023-03-30,7972.43830185,2724.39,10696.82830185
2023-03-31,7950.34645806,2724.39,10674.73645806
2023-04-03,7986.16296684,2724.39,10710.55296684
2023-04-04,7989.0417055,2724.39,10713.4317055
2023-04-06,8036.74047378,2724.39,10761.13047378
2023-04-07,8022.80042944,2724.39,10747.19042944
2023-04-10,8019.81114346,2724.39,10744.201143459999
2023-04-11,8016.92525018,2724.39,10741.31525018
2023-04-12,8048.89674276,2724.39,10773.28674276
2023-04-13,8038.02923593,2724.39,10762.41923593
2023-04-14,8027.68804602,2724.39,10752.07804602
2023-04-17,8046.82524065,2724.39,10771.215240649999
2023-04-18,8049.08546312,2724.39,10773.47546312
2023-04-19,8053.11386298,2724.39,10777.50386298
2023-04-20,8078.39232663,2724.39,10802.78232663
2023-04-21,8044.4263075,2724.39,10768.8163075
2023-04-24,8050.78300023,2724.39,10775.17300023
2023-04-25,8014.83664728,2724.39,10739.22664728
2023-04-26,7988.37650589,2724.39,10712.76650589
2023-04-27,7966.76029935,2724.39,10691.15029935
2023-04-28,7912.18147988,2724.39,10636.57147988
2023-05-04,7958.3933831,2724.39,10682.7833831
2023-05-05,7938.79016645,2724.39,10663.18016645
2023-05-08,7983.7276957,2724.39,10708.1176957
2023-05-09,8001.69991423,2724.39,10726.08991423
2023-05-10,8015.982655,2724.39,10740.372655
2023-05-11,8012.09857357,2724.39,10736.488573569999
2023-05-12,7982.67472951,2724.39,10707.06472951
2023-05-15,7997.75256756,2724.39,10722.14256756
2023-05-16,7984.41709558,2724.39,10708.80709558
2023-05-17,7991.04757554,2724.39,10715.43757554
2023-05-18,8003.33234607,2724.39,10727.72234607
2023-05-19,7989.90859126,2724.39,10714.29859126
2023-05-22,7979.3920615,2724.39,10703.7820615
2023-05-23,7976.17811068,2724.39,10700.56811068
2023-05-24,7985.21240902,2724.39,10709.60240902
2023-05-25,7987.81795051,2724.39,10712.20795051
2023-05-26,7965.63903105,2724.39,10690.02903105
2023-05-29,7963.22875039,2724.39,10687.61875039
2023-05-30,7960.2280839,2724.39,10684.618083899999
2023-05-31,7960.1635269,2724.39,10684.5535269
2023-06-01,7966.18537929,2724.39,10690.57537929
2023-06-02,7937.63018085,2724.39,10662.02018085
2023-06-05,7948.00775064,2724.39,10672.39775064
2023-06-06,7935.31616301,2724.39,10659.70616301
2023-06-07,7928.64051105,2724.39,10653.03051105
2023-06-08,7916.51918244,2724.39,10640.90918244
2023-06-09,7896.38708164,2724.39,10620.77708164
2023-06-12,7914.73411003,2724.39,10639.12411003
2023-06-13,7908.65774379,2724.39,10633.047743789999
2023-06-14,7906.76904593,2724.39,10631.15904593
2023-06-15,7903.27545076,2724.39,10627.66545076
2023-06-16,7885.91168297,2724.39,10610.30168297
2023-06-19,7899.71120399,2724.39,10624.10120399
2023-06-20,7910.935978,2724.39,10635.325978
2023-06-21,7870.37186941,2724.39,10594.76186941
2023-06-26,7877.12188223,2724.39,10601.51188223
2023-06-27,7871.20957421,2724.39,10595.59957421
2023-06-28,7862.31800629,2724.39,10586.70800629
2023-06-29,7864.1066742,2724.39,10588.4966742
2023-06-30,7832.26088823,2724.39,10556.65088823
2023-07-03,7839.98849919,2724.39,10564.37849919
2023-07-04,7839.714788,2724.39,10564.104788
2023-07-05,7842.7813212,2724.39,10567.1713212
2023-07-06,7842.61635891,2724.39,10567.00635891
2023-07-07,7825.02584946,2724.39,10549.41584946
2023-07-10,7832.01237762,2724.39,10556.40237762
2023-07-11,7825.71583256,2724.39,10550.10583256
2023-07-12,7810.51055987,2724.39,10534.90055987
2023-07-13,7794.55604465,2724.39,10518.94604465
2023-07-14,7781.3606652,2724.39,10505.7506652
2023-07-17,7790.20474911,2724.39,10514.59474911
2023-07-18,7789.81466192,2724.39,10514.20466192
2023-07-19,7794.59367022,2724.39,10518.98367022
2023-07-20,7773.41748149,2724.39,10497.80748149
2023-07-21,7753.60683356,2724.39,10477.99683356
2023-07-24,7741.75758666,2724.39,10466.14758666
2023-07-25,7734.9632899,2724.39,10459.3532899
2023-07-26,7730.33707971,2724.39,10454.727079709999
2023-07-27,7728.15264336,2724.39,10452.54264336
2023-07-28,7717.38791954,2724.39,10441.77791954
2023-07-31,7763.35930356,2724.39,10487.74930356
2023-08-01,7770.08041989,2724.39,10494.47041989
2023-08-02,7792.71737175,2724.39,10517.10737175
2023-08-03,7806.71615824,2724.39,10531.10615824
2023-08-04,7813.4796366,2724.39,10537.8696366
2023-08-07,7839.81992071,2724.39,10564.20992071
2023-08-08,7845.34538648,2724.39,10569.73538648
2023-08-09,7838.43970802,2724.39,10562.829708019999
2023-08-10,7839.45120737,2724.39,10563.84120737
2023-08-11,7810.24673066,2724.39,10534.63673066
2023-08-14,7814.10434854,2724.39,10538.49434854
2023-08-15,7811.00855178,2724.39,10535.39855178
2023-08-16,7806.8396524,2724.39,10531.2296524
2023-08-17,7813.41249849,2724.39,10537.80249849
2023-08-18,7794.88941864,2724.39,10519.27941864
2023-08-21,7807.02810581,2724.39,10531.41810581
2023-08-22,7808.59067794,2724.39,10532.98067794
2023-08-23,7793.7456639,2724.39,10518.1356639
2023-08-24,7787.32166498,2724.39,10511.71166498
2023-08-25,7742.47931274,2724.39,10466.86931274
2023-08-28,7772.3001024,2724.39,10496.6901024
2023-08-29,7799.67475132,2724.39,10524.06475132
2023-08-30,7802.09182682,2724.39,10526.48182682
2023-08-31,7792.33172137,2724.39,10516.72172137
2023-09-01,7767.63712757,2724.39,10492.02712757
2023-09-04,7791.05502412,2724.39,10515.44502412
2023-09-05,7803.37204683,2724.39,10527.76204683
2023-09-06,7817.18041569,2724.39,10541.57041569
2023-09-07,7808.91295406,2724.39,10533.30295406
2023-09-08,7790.01626762,2724.39,10514.40626762
2023-09-11,7909.74243568,2724.39,10634.13243568
2023-09-12,7947.65813108,2724.39,10672.04813108
2023-09-13,7978.51219031,2724.39,10702.90219031
2023-09-14,7982.44489927,2724.39,10706.83489927
2023-09-15,7994.08861556,2724.39,10718.47861556
2023-09-18,8017.62703001,2724.39,10742.01703001
2023-09-19,8015.88926746,2724.39,10740.27926746
2023-09-20,8016.52657829,2724.39,10740.91657829
2023-09-21,8021.21565764,2724.39,10745.60565764
2023-09-22,8016.02446146,2724.39,10740.414461459999
2023-09-25,8029.75697974,2724.39,10754.14697974
2023-09-26,8029.38147537,2724.39,10753.77147537
2023-09-27,8037.46732205,2724.39,10761.85732205
2023-09-28,7955.95784222,2724.39,10680.34784222
2023-10-09,8016.90693064,2724.39,10741.29693064
2023-10-10,8047.14607611,2724.39,10771.53607611
2023-10-11,8058.80232519,2724.39,10783.19232519
2023-10-12,8071.84297945,2724.39,10796.23297945
2023-10-13,8065.92107132,2724.39,10790.31107132
2023-10-16,8086.50956659,2724.39,10810.89956659
2023-10-17,8084.25392961,2724.39,10808.64392961
2023-10-18,8086.95220942,2724.39,10811.34220942
2023-10-19,8113.76046151,2724.39,10838.15046151
2023-10-20,8115.13004395,2724.39,10839.52004395
2023-10-23,8123.95870791,2724.39,10848.34870791
2023-10-24,8128.82427571,2724.39,10853.21427571
2023-10-25,8129.61564203,2724.39,10854.00564203
2023-10-26,8125.05287117,2724.39,10849.44287117
2023-10-27,8102.32952483,2724.39,10826.71952483
2023-10-30,8148.8950026,2724.39,10873.2850026
2023-10-31,8155.27162949,2724.39,10879.66162949
2023-11-01,8178.13626569,2724.39,10902.52626569
2023-11-02,8159.65385343,2724.39,10884.04385343
2023-11-03,8131.65051421,2724.39,10856.04051421
2023-11-06,8193.27277875,2724.39,10917.66277875
2023-11-07,8215.26092866,2724.39,10939.65092866
2023-11-08,8246.32593494,2724.39,10970.715934939999
2023-11-09,8250.47825135,2724.39,10974.868251349999
2023-11-10,8254.2266279,2724.39,10978.616627899999
2023-11-13,8279.91882641,2724.39,11004.308826409999
2023-11-14,8303.72804413,2724.39,11028.11804413
2023-11-15,8323.5780738,2724.39,11047.968073799999
2023-11-16,8320.22057391,2724.39,11044.61057391
2023-11-17,8319.7560153,2724.39,11044.146015299999
2023-11-20,8352.68167806,2724.39,11077.07167806
2023-11-21,8343.31560086,2724.39,11067.70560086
2023-11-22,8347.46932505,2724.39,11071.85932505
2023-11-23,8349.56462548,2724.39,11073.954625479999
2023-11-24,8327.18672134,2724.39,11051.57672134
2023-11-27,8334.04572997,2724.39,11058.435729969999
2023-11-28,8332.9450808,2724.39,11057.3350808
2023-11-29,8336.55196071,2724.39,11060.941960709999
2023-11-30,8328.85252348,2724.39,11053.24252348
2023-12-01,8329.24455327,2724.39,11053.63455327
2023-12-04,8341.06455014,2724.39,11065.454550139999
2023-12-05,8342.15113904,2724.39,11066.541139039999
2023-12-06,8347.1446818,2724.39,11071.5346818
2023-12-07,8360.82635421,2724.39,11085.216354209999
2023-12-08,8345.23805754,2724.39,11069.62805754
2023-12-11,8356.00321392,2724.39,11080.393213919999
2023-12-12,8363.75013527,2724.39,11088.14013527
2023-12-13,8377.09803552,2724.39,11101.48803552
2023-12-14,8372.15537839,2724.39,11096.54537839
2023-12-15,8374.63560463,2724.39,11099.02560463
2023-12-18,8363.99914567,2724.39,11088.38914567
2023-12-19,8369.72616963,2724.39,11094.116169629999
2023-12-20,8345.94703843,2724.39,11070.33703843
2023-12-21,8349.32767439,2724.39,11073.71767439
2023-12-22,8318.97728706,2724.39,11043.36728706
2023-12-25,8315.37266706,2724.39,11039.76266706
2023-12-26,8301.56676857,2724.39,11025.956768569999
2023-12-27,8306.39021091,2724.39,11030.78021091
2023-12-28,8326.11883792,2724.39,11050.508837919999
2023-12-29,8284.81994098,2724.39,11009.20994098
2024-01-02,8311.42083711,2724.39,11035.810837109999
2024-01-03,8309.9438546,2724.39,11034.3338546
2024-01-04,8321.28138742,2724.39,11045.67138742
2024-01-05,8287.09528427,2724.39,11011.48528427
2024-01-08,8289.72334142,2724.39,11014.11334142
2024-01-09,8268.97619326,2724.39,10993.366193259999
2024-01-10,8258.73985989,2724.39,10983.12985989
2024-01-11,8266.38502547,2724.39,10990.775025469999
2024-01-12,8237.48027298,2724.39,10961.870272979999
2024-01-15,8240.41494146,2724.39,10964.80494146
2024-01-16,8221.91705187,2724.39,10946.307051869999
2024-01-17,8228.93295095,2724.39,10953.32295095
2024-01-18,8190.22418564,2724.39,10914.614185639999
2024-01-19,8157.17641554,2724.39,10881.566415539999
2024-01-22,8092.96563322,2724.39,10817.35563322
2024-01-23,8070.32444057,2724.39,10794.71444057
2024-01-24,8059.44834168,2724.39,10783.83834168
2024-01-25,8076.17147167,2724.39,10800.56147167
2024-01-26,8046.55756758,2724.39,10770.94756758
2024-01-29,8041.26169828,2724.39,10765.65169828
2024-01-30,8002.44506696,2724.39,10726.83506696
2024-01-31,7924.90224505,2724.39,10649.29224505
2024-02-01,7868.3796733,2724.39,10592.7696733
2024-02-02,7736.47722879,2724.39,10460.867228789999
2024-02-05,7552.17822166,2724.39,10276.56822166
2024-02-06,7483.3330291,2724.39,10207.7230291
2024-02-07,7420.1935472,2724.39,10144.5835472
2024-02-08,7328.14563056,2724.39,10052.53563056
2024-02-19,7402.27803446,2724.39,10126.668034459999
2024-02-20,7427.93395834,2724.39,10152.323958339999
2024-02-21,7453.00060748,2724.39,10177.39060748
2024-02-22,7477.23231736,2724.39,10201.62231736
2024-02-23,7494.92807896,2724.39,10219.31807896
2024-02-26,7542.28891893,2724.39,10266.67891893
2024-02-27,7596.79567384,2724.39,10321.18567384
2024-02-28,7613.94539302,2724.39,10338.33539302
2024-02-29,7635.88251469,2724.39,10360.27251469
2024-03-01,7639.98784017,2724.39,10364.37784017
2024-03-04,7678.75774743,2724.39,10403.147747429999
2024-03-05,7655.43467209,2724.39,10379.82467209
2024-03-06,7678.31575541,2724.39,10402.70575541
2024-03-07,7672.38154523,2724.39,10396.77154523
2024-03-08,7670.76407729,2724.39,10395.15407729
2024-03-11,7717.35920375,2724.39,10441.74920375
2024-03-12,7756.28762488,2724.39,10480.67762488
2024-03-13,7793.91222769,2724.39,10518.30222769
2024-03-14,7800.46280509,2724.39,10524.85280509
2024-03-15,7785.95728857,2724.39,10510.34728857
2024-03-18,7852.38788824,2724.39,10576.77788824
2024-03-19,7881.23561308,2724.39,10605.62561308
2024-03-20,7915.79255249,2724.39,10640.18255249
2024-03-21,7945.58886114,2724.39,10669.97886114
2024-03-22,7923.6770049,2724.39,10648.0670049
2024-03-25,7919.01990178,2724.39,10643.40990178
2024-03-26,7916.48382622,2724.39,10640.87382622
2024-03-27,7900.56026671,2724.39,10624.95026671
2024-03-28,7914.83877673,2724.39,10639.22877673
2024-03-29,7886.04704752,2724.39,10610.43704752
2024-04-01,7919.41850462,2724.39,10643.80850462
2024-04-02,7926.50902165,2724.39,10650.89902165
2024-04-03,7894.44473453,2724.39,10618.834734529999
2024-04-08,7922.57829262,2724.39,10646.96829262
2024-04-09,7925.37585653,2724.39,10649.76585653
2024-04-10,7910.62513076,2724.39,10635.015130759999
2024-04-11,7906.06930947,2724.39,10630.45930947
2024-04-12,7895.1721462,2724.39,10619.5621462
2024-04-15,7888.82659697,2724.39,10613.21659697
2024-04-16,7862.3263998,2724.39,10586.7163998
2024-04-17,7888.06155953,2724.39,10612.45155953
2024-04-18,7900.46778078,2724.39,10624.85778078
2024-04-19,7879.30724525,2724.39,10603.69724525
2024-04-22,7879.29072445,2724.39,10603.68072445
2024-04-23,7862.54233863,2724.39,10586.93233863
2024-04-24,7853.21617854,2724.39,10577.60617854
2024-04-25,7845.58673597,2724.39,10569.97673597
2024-04-26,7838.66647546,2724.39,10563.05647546
2024-04-29,7873.2731579,2724.39,10597.6631579
2024-04-30,7794.61836084,2724.39,10519.00836084
2024-05-06,7877.90499055,2724.39,10602.294990549999
2024-05-07,7893.11964241,2724.39,10617.50964241
2024-05-08,7909.7256969,2724.39,10634.1156969
2024-05-09,7912.98030035,2724.39,10637.37030035
2024-05-10,7908.29373066,2724.39,10632.68373066
2024-05-13,7923.63204543,2724.39,10648.02204543
2024-05-14,7939.05998906,2724.39,10663.44998906
2024-05-15,7933.16171463,2724.39,10657.551714629999
2024-05-16,7945.31737028,2724.39,10669.70737028
2024-05-17,7911.76970437,2724.39,10636.15970437
2024-05-20,7918.45812829,2724.39,10642.84812829
2024-05-21,7927.46660438,2724.39,10651.85660438
2024-05-22,7931.48030302,2724.39,10655.87030302
2024-05-23,7921.60302563,2724.39,10645.99302563
2024-05-24,7890.56561769,2724.39,10614.95561769
2024-05-27,7887.1145573,2724.39,10611.5045573
2024-05-28,7888.22130899,2724.39,10612.611308989999
2024-05-29,7884.33019337,2724.39,10608.72019337
2024-05-30,7886.13622634,2724.39,10610.52622634
2024-05-31,7869.48396207,2724.39,10593.87396207
2024-06-03,7863.77890389,2724.39,10588.16890389
2024-06-04,7841.68558915,2724.39,10566.07558915
2024-06-05,7839.52108368,2724.39,10563.91108368
2024-06-06,7820.07095818,2724.39,10544.46095818
2024-06-07,7783.01107436,2724.39,10507.40107436
2024-06-11,7819.44510323,2724.39,10543.83510323
2024-06-12,7823.14849008,2724.39,10547.53849008
2024-06-13,7829.07000391,2724.39,10553.46000391
2024-06-14,7809.64504299,2724.39,10534.035042989999
2024-06-17,7829.64014854,2724.39,10554.03014854
2024-06-18,7842.95044737,2724.39,10567.34044737
2024-06-19,7834.35205481,2724.39,10558.74205481
2024-06-20,7816.83922089,2724.39,10541.22922089
2024-06-21,7788.54571234,2724.39,10512.93571234
2024-06-24,7762.85059177,2724.39,10487.24059177
2024-06-25,7726.34470591,2724.39,10450.73470591
2024-06-26,7720.54530413,2724.39,10444.93530413
2024-06-27,7702.57844269,2724.39,10426.96844269
2024-06-28,7664.97289908,2724.39,10389.36289908
2024-07-01,7656.58553562,2724.39,10380.97553562
2024-07-02,7658.41762398,2724.39,10382.80762398
2024-07-03,7657.37695477,2724.39,10381.76695477
2024-07-04,7621.1003042,2724.39,10345.4903042
2024-07-05,7594.23798637,2724.39,10318.62798637
2024-07-08,7567.5568118,2724.39,10291.9468118
2024-07-09,7560.91803578,2724.39,10285.308035779999
2024-07-10,7547.28176771,2724.39,10271.67176771
2024-07-11,7548.26838907,2724.39,10272.65838907
2024-07-12,7519.29369568,2724.39,10243.68369568
2024-07-15,7503.96440884,2724.39,10228.35440884
2024-07-16,7490.61682416,2724.39,10215.00682416
2024-07-17,7466.42183806,2724.39,10190.811838059999
2024-07-18,7441.35145022,2724.39,10165.741450219999
2024-07-19,7406.024333,2724.39,10130.414333
2024-07-22,7427.13939268,2724.39,10151.52939268
2024-07-23,7415.44599301,2724.39,10139.83599301
2024-07-24,7399.84379926,2724.39,10124.23379926
2024-07-25,7400.78516108,2724.39,10125.17516108
2024-07-26,7387.14451618,2724.39,10111.53451618
2024-07-29,7393.62322064,2724.39,10118.01322064
2024-07-30,7397.7533524,2724.39,10122.1433524
2024-07-31,7418.96882387,2724.39,10143.35882387
2024-08-01,7427.93992998,2724.39,10152.32992998
2024-08-02,7413.59830054,2724.39,10137.98830054
2024-08-05,7398.18172372,2724.39,10122.57172372
2024-08-06,7407.75446219,2724.39,10132.14446219
2024-08-07,7405.38204386,2724.39,10129.772043859999
2024-08-08,7403.11931631,2724.39,10127.50931631
2024-08-09,7398.20558982,2724.39,10122.595589819999
2024-08-12,7392.94913283,2724.39,10117.33913283
2024-08-13,7396.09113886,2724.39,10120.48113886
2024-08-14,7397.25384912,2724.39,10121.64384912
2024-08-15,7382.35739847,2724.39,10106.74739847
2024-08-16,7361.17355213,2724.39,10085.56355213
2024-08-19,7358.45825682,2724.39,10082.84825682
2024-08-20,7357.49560342,2724.39,10081.88560342
2024-08-21,7351.99955823,2724.39,10076.38955823
2024-08-22,7320.35606499,2724.39,10044.74606499
2024-08-23,7291.97010072,2724.39,10016.36010072
2024-08-26,7291.0887802,2724.39,10015.4787802
2024-08-27,7273.0260243,2724.39,9997.4160243
2024-08-28,7264.05581174,2724.39,9988.445811739999
2024-08-29,7270.09320287,2724.39,9994.48320287
2024-08-30,7273.92495681,2724.39,9998.31495681
2024-09-02,7284.6808848,2724.39,10009.0708848
2024-09-03,7284.46866207,2724.39,10008.85866207
2024-09-04,7280.28796228,2724.39,10004.67796228
2024-09-05,7275.9261708,2724.39,10000.3161708
2024-09-06,7253.91397412,2724.39,9978.30397412
2024-09-09,7257.50772848,2724.39,9981.89772848
2024-09-10,7258.04249926,2724.39,9982.43249926
2024-09-11,7247.19503933,2724.39,9971.58503933
2024-09-12,7238.60499312,2724.39,9962.994993119999
2024-09-13,7197.76282455,2724.39,9922.15282455
2024-09-18,7191.86405254,2724.39,9916.25405254
2024-09-19,7202.98592968,2724.39,9927.37592968
2024-09-20,7181.16339596,2724.39,9905.55339596
2024-09-23,7177.61015028,2724.39,9902.00015028
2024-09-24,7172.64509182,2724.39,9897.03509182
2024-09-25,7159.52976997,2724.39,9883.91976997
2024-09-26,7168.40036786,2724.39,9892.79036786
2024-09-27,7226.22172263,2724.39,9950.61172263
2024-09-30,7502.55842337,2724.39,10226.94842337
2024-10-08,8059.24955389,2724.39,10783.63955389
2024-10-09,8249.11948198,2724.39,10973.50948198
2024-10-10,8268.12806408,2724.39,10992.518064079999
2024-10-11,8233.86486778,2724.39,10958.254867779999
2024-10-14,8265.6373796,2724.39,10990.0273796
2024-10-15,8278.42917705,2724.39,11002.81917705
2024-10-16,8269.12817605,2724.39,10993.51817605
2024-10-17,8284.89901354,2724.39,11009.28901354
2024-10-18,8362.46672541,2724.39,11086.85672541
2024-10-21,8469.48646793,2724.39,11193.87646793
2024-10-22,8514.9624724,2724.39,11239.3524724
2024-10-23,8548.01769061,2724.39,11272.40769061
2024-10-24,8583.14485171,2724.39,11307.53485171
2024-10-25,8599.77091153,2724.39,11324.16091153
2024-10-28,8668.25658131,2724.39,11392.646581309999
2024-10-29,8676.71497826,2724.39,11401.10497826
2024-10-30,8718.59506573,2724.39,11442.98506573
2024-10-31,8766.30728168,2724.39,11490.697281679999
2024-11-01,8734.97765288,2724.39,11459.367652879999
2024-11-04,8795.59251402,2724.39,11519.98251402
2024-11-05,8906.84772868,2724.39,11631.23772868
2024-11-06,9023.41939873,2724.39,11747.80939873
2024-11-07,9158.49059176,2724.39,11882.88059176
2024-11-08,9242.30512864,2724.39,11966.69512864
2024-11-11,9421.14058709,2724.39,12145.53058709
2024-11-12,9448.27518751,2724.39,12172.66518751
2024-11-13,9482.25611563,2724.39,12206.64611563
2024-11-14,9454.13470996,2724.39,12178.52470996
2024-11-15,9421.604155,2724.39,12145.994155
2024-11-18,9419.31413907,2724.39,12143.70413907
2024-11-19,9436.41325522,2724.39,12160.80325522
2024-11-20,9454.36591119,2724.39,12178.75591119
2024-11-21,9468.33680677,2724.39,12192.726806769999
2024-11-22,9421.38257073,2724.39,12145.77257073
2024-11-25,9429.39649367,2724.39,12153.786493669999
2024-11-26,9410.65222693,2724.39,12135.04222693
2024-11-27,9420.5744935,2724.39,12144.9644935
2024-11-28,9432.5375449,2724.39,12156.9275449
2024-11-29,9458.97197131,2724.39,12183.36197131
2024-12-02,9494.1489792,2724.39,12218.538979199999
2024-12-03,9496.11483673,2724.39,12220.504836729999
2024-12-04,9497.64176036,2724.39,12222.03176036
2024-12-05,9521.35960524,2724.39,12245.74960524
2024-12-06,9512.30708261,2724.39,12236.697082609999
2024-12-09,9514.53513614,2724.39,12238.92513614
2024-12-10,9566.48446126,2724.39,12290.87446126
2024-12-11,9591.66669434,2724.39,12316.056694339999
2024-12-12,9617.58282389,2724.39,12341.972823889999
2024-12-13,9572.99883806,2724.39,12297.38883806
2024-12-16,9568.68983361,2724.39,12293.07983361
2024-12-17,9549.8103823,2724.39,12274.2003823
2024-12-18,9553.44734903,2724.39,12277.83734903
2024-12-19,9565.04384519,2724.39,12289.43384519
2024-12-20,9596.99763814,2724.39,12321.387638139999
2024-12-23,9561.44920489,2724.39,12285.839204889999
2024-12-24,9568.00015587,2724.39,12292.39015587
2024-12-25,9556.99365165,2724.39,12281.38365165
2024-12-26,9568.43753174,2724.39,12292.82753174
2024-12-27,9552.23986645,2724.39,12276.62986645
2024-12-30,9564.51973149,2724.39,12288.90973149
2024-12-31,9495.04401354,2724.39,12219.43401354
2025-01-02,9480.28697338,2724.39,12204.67697338
2025-01-03,9403.49502202,2724.39,12127.88502202
2025-01-06,9369.40484542,2724.39,12093.79484542
2025-01-07,9366.19486694,2724.39,12090.58486694
2025-01-08,9347.98277212,2724.39,12072.37277212
2025-01-09,9346.99072676,2724.39,12071.380726759999
2025-01-10,9318.47072917,2724.39,12042.86072917
2025-01-13,9314.98491977,2724.39,12039.37491977
2025-01-14,9349.83756674,2724.39,12074.227566739999
2025-01-15,9352.43523067,2724.39,12076.82523067
2025-01-16,9355.72524508,2724.39,12080.11524508
2025-01-17,9319.49689547,2724.39,12043.88689547
2025-01-20,9315.5094743,2724.39,12039.8994743
2025-01-21,9318.33618165,2724.39,12042.72618165
2025-01-22,9326.120942,2724.39,12050.510941999999
2025-01-23,9294.53719597,2724.39,12018.92719597
2025-01-24,9231.70752645,2724.39,11956.09752645
2025-01-27,9068.36932381,2724.39,11792.75932381
2025-02-05,9173.92767343,2724.39,11898.31767343
2025-02-06,9236.56820579,2724.39,11960.958205789999
2025-02-07,9280.35285866,2724.39,12004.74285866
2025-02-10,9365.41604647,2724.39,12089.80604647
2025-02-11,9391.46823237,2724.39,12115.85823237
2025-02-12,9411.42844137,2724.39,12135.81844137
2025-02-13,9405.85522678,2724.39,12130.24522678
2025-02-14,9413.52939939,2724.39,12137.919399389999
2025-02-17,9491.58718589,2724.39,12215.977185889999
2025-02-18,9454.24585208,2724.39,12178.635852079999
2025-02-19,9503.98196565,2724.39,12228.37196565
2025-02-20,9533.02647173,2724.39,12257.41647173
2025-02-21,9567.06096115,2724.39,12291.45096115
2025-02-24,9608.17195447,2724.39,12332.56195447
2025-02-25,9638.79747065,2724.39,12363.18747065
2025-02-26,9682.81688463,2724.39,12407.206884629999
2025-02-27,9679.08224325,2724.39,12403.47224325
2025-02-28,9609.07206926,2724.39,12333.46206926
2025-03-03,9597.10302382,2724.39,12321.49302382
2025-03-04,9591.04687354,2724.39,12315.43687354
2025-03-05,9594.07691107,2724.39,12318.46691107
2025-03-06,9653.26732669,2724.39,12377.65732669
2025-03-07,9616.83902616,2724.39,12341.22902616
2025-03-10,9659.80054878,2724.39,12384.19054878
2025-03-11,9657.95797513,2724.39,12382.34797513
2025-03-12,9709.25278485,2724.39,12433.642784849999
2025-03-13,9681.66630947,2724.39,12406.05630947
2025-03-14,9677.61631056,2724.39,12402.00631056
2025-03-17,9713.14793092,2724.39,12437.53793092
2025-03-18,9748.37417875,2724.39,12472.76417875
2025-03-19,9749.98389156,2724.39,12474.373891559999
2025-03-20,9769.25908288,2724.39,12493.64908288
2025-03-21,9716.55569946,2724.39,12440.945699459999
2025-03-24,9697.86080222,2724.39,12422.25080222
2025-03-25,9689.43026169,2724.39,12413.82026169
2025-03-26,9694.73222868,2724.39,12419.12222868
2025-03-27,9684.17545674,2724.39,12408.56545674
2025-03-28,9672.13232779,2724.39,12396.522327789999
2025-03-31,9670.26910148,2724.39,12394.65910148
2025-04-01,9649.15147379,2724.39,12373.54147379
2025-04-02,9633.73933304,2724.39,12358.129333039999
2025-04-03,9588.06215111,2724.39,12312.45215111
2025-04-07,9396.58581632,2724.39,12120.975816319999
2025-04-08,9213.56014088,2724.39,11937.950140879999
2025-04-09,9193.76233259,2724.39,11918.15233259
2025-04-10,9207.19496266,2724.39,11931.58496266
2025-04-11,9182.2182342,2724.39,11906.608234199999
2025-04-14,9227.53835196,2724.39,11951.92835196
2025-04-15,9223.46969118,2724.39,11947.85969118
2025-04-16,9191.59004275,2724.39,11915.98004275
2025-04-17,9169.79946296,2724.39,11894.18946296
2025-04-18,9136.44906996,2724.39,11860.839069959999
2025-04-21,9167.5789012,2724.39,11891.9689012
2025-04-22,9145.50232887,2724.39,11869.892328869999
2025-04-23,9148.25452131,2724.39,11872.64452131
2025-04-24,9132.55772009,2724.39,11856.94772009
2025-04-25,9099.51876584,2724.39,11823.908765839999
2025-04-28,9106.21691549,2724.39,11830.60691549
2025-04-29,9104.76190696,2724.39,11829.15190696
2025-04-30,9022.97294171,2724.39,11747.36294171
2025-05-06,9082.36842318,2724.39,11806.75842318
2025-05-07,9111.75339517,2724.39,11836.14339517
2025-05-08,9111.57862069,2724.39,11835.968620689999
2025-05-09,9092.17878305,2724.39,11816.56878305
2025-05-12,9097.91926143,2724.39,11822.309261429999
2025-05-13,9096.32087491,2724.39,11820.710874909999
2025-05-14,9095.05314379,2724.39,11819.44314379
2025-05-15,9083.49137943,2724.39,11807.881379429999
2025-05-16,9074.27084606,2724.39,11798.66084606
2025-05-19,9096.57468124,2724.39,11820.964681239999
2025-05-20,9096.02494527,2724.39,11820.41494527
2025-05-21,9086.72788726,2724.39,11811.11788726
2025-05-22,9075.35824938,2724.39,11799.74824938
2025-05-23,9054.71558442,2724.39,11779.10558442
2025-05-26,9079.63207363,2724.39,11804.02207363
2025-05-27,9102.28044137,2724.39,11826.670441369999
2025-05-28,9099.86392086,2724.39,11824.25392086
2025-05-29,9083.82726705,2724.39,11808.217267049999
2025-05-30,9050.65691813,2724.39,11775.04691813
2025-06-03,9065.39733658,2724.39,11789.787336579999
2025-06-04,9075.5116891,2724.39,11799.9016891
2025-06-05,9094.98147688,2724.39,11819.37147688
2025-06-06,9072.72972139,2724.39,11797.11972139
2025-06-09,9114.10866748,2724.39,11838.49866748
2025-06-10,9123.41653816,2724.39,11847.806538159999
2025-06-11,9133.54209893,2724.39,11857.93209893
2025-06-12,9151.67037266,2724.39,11876.06037266
2025-06-13,9129.55300781,2724.39,11853.94300781
2025-06-16,9162.89694734,2724.39,11887.286947339999
2025-06-17,9199.89046739,2724.39,11924.28046739
2025-06-18,9200.11904287,2724.39,11924.509042869999
2025-06-19,9152.55863687,2724.39,11876.94863687
2025-06-20,9110.5317488,2724.39,11834.9217488
2025-06-23,9130.51422559,2724.39,11854.904225589999
2025-06-24,9146.22047518,2724.39,11870.61047518
2025-06-25,9168.09346278,2724.39,11892.48346278
2025-06-26,9202.44377739,2724.39,11926.83377739
2025-06-27,9216.06906801,2724.39,11940.45906801
2025-06-30,9254.18708645,2724.39,11978.57708645
2025-07-01,9268.95132373,2724.39,11993.34132373
2025-07-02,9280.80643653,2724.39,12005.19643653
2025-07-03,9288.87433388,2724.39,12013.264333879999
2025-07-04,9257.02841567,2724.39,11981.41841567
2025-07-07,9288.27818949,2724.39,12012.66818949
2025-07-08,9310.76466397,2724.39,12035.15466397
2025-07-09,9329.60493605,2724.39,12053.99493605
2025-07-10,9356.91412605,2724.39,12081.30412605
2025-07-11,9377.52116945,2724.39,12101.911169449999
2025-07-14,9428.37358485,2724.39,12152.76358485
2025-07-15,9455.28632364,2724.39,12179.67632364
2025-07-16,9500.76970726,2724.39,12225.15970726
2025-07-17,9528.72205457,2724.39,12253.11205457
2025-07-18,9521.91948293,2724.39,12246.309482929999
2025-07-21,9596.0879723,2724.39,12320.4779723
2025-07-22,9695.71695398,2724.39,12420.10695398
2025-07-23,9706.92921044,2724.39,12431.319210439999
2025-07-24,9730.54656825,2724.39,12454.93656825
2025-07-25,9781.89855705,2724.39,12506.28855705
2025-07-28,9898.96449187,2724.39,12623.354491869999
2025-07-29,10008.35545965,2724.39,12732.74545965
2025-07-30,10012.28435294,2724.39,12736.67435294
2025-07-31,10009.6251061,2724.39,12734.0151061
2025-08-01,9986.72967968,2724.39,12711.11967968
2025-08-04,10050.89414853,2724.39,12775.28414853
2025-08-05,10094.44473177,2724.39,12818.834731769999
2025-08-06,10132.09625471,2724.39,12856.48625471
2025-08-07,10138.01673272,2724.39,12862.40673272
2025-08-08,10127.2023976,2724.39,12851.5923976
2025-08-11,10217.92143441,2724.39,12942.31143441
2025-08-12,10255.70739113,2724.39,12980.097391129999
2025-08-13,10290.63342369,2724.39,13015.02342369
2025-08-14,10339.02792626,2724.39,13063.41792626
2025-08-15,10377.56675565,2724.39,13101.956755649999
2025-08-18,10571.81453687,2724.39,13296.20453687
2025-08-19,10737.9336552,2724.39,13462.3236552
2025-08-20,10816.43142709,2724.39,13540.821427089999
2025-08-21,10785.33040383,2724.39,13509.720403829999
2025-08-22,10844.2226474,2724.39,13568.6126474
2025-08-25,11011.91689087,2724.39,13736.306890869999
2025-08-26,11118.1850302,2724.39,13842.5750302
2025-08-27,11233.66079378,2724.39,13958.05079378
2025-08-28,11325.70872138,2724.39,14050.09872138
2025-08-29,11409.26430398,2724.39,14133.65430398
2025-09-01,11605.69079901,2724.39,14330.08079901
2025-09-02,11581.03408143,2724.39,14305.42408143
2025-09-03,11574.33653512,2724.39,14298.726535119999
2025-09-04,11528.73400598,2724.39,14253.12400598
2025-09-05,11556.50042274,2724.39,14280.89042274
2025-09-08,11662.59101553,2724.39,14386.98101553
2025-09-09,11710.3861085,2724.39,14434.7761085
2025-09-10,11733.48380718,2724.39,14457.87380718
2025-09-11,11764.41846643,2724.39,14488.808466429999
2025-09-12,11839.85455849,2724.39,14564.24455849
2025-09-15,11936.51838103,2724.39,14660.90838103
2025-09-16,12058.55997868,2724.39,14782.949978679999
2025-09-17,12097.26836235,2724.39,14821.65836235
2025-09-18,12092.24986941,2724.39,14816.639869409999
2025-09-19,12076.39982663,2724.39,14800.78982663
2025-09-22,12183.37102598,2724.39,14907.761025979999
2025-09-23,12165.73602443,2724.39,14890.12602443
2025-09-24,12235.47870961,2724.39,14959.86870961
2025-09-25,12301.43924167,2724.39,15025.829241669999
2025-09-26,12188.54850267,2724.39,14912.93850267
2025-09-29,12233.95169661,2724.39,14958.34169661
2025-09-30,12086.17882705,2724.39,14810.56882705
2025-10-09,12332.49540315,2724.39,15056.88540315
2025-10-10,12306.84574757,2724.39,15031.23574757
2025-10-13,12336.42293902,2724.39,15060.81293902
2025-10-14,12346.22701292,2724.39,15070.61701292
2025-10-15,12363.65992629,2724.39,15088.04992629
2025-10-16,12377.80502057,2724.39,15102.19502057
2025-10-17,12240.47953848,2724.39,14964.86953848
2025-10-20,12220.28591866,2724.39,14944.67591866
2025-10-21,12285.25092925,2724.39,15009.64092925
2025-10-22,12330.1413348,2724.39,15054.5313348
2025-10-23,12320.14143922,2724.39,15044.53143922
2025-10-24,12350.00302822,2724.39,15074.39302822
2025-10-27,12465.06855788,2724.39,15189.45855788
2025-10-28,12524.96637936,2724.39,15249.356379359999
2025-10-29,12574.13401254,2724.39,15298.52401254
2025-10-30,12535.78067034,2724.39,15260.17067034
2025-10-31,12499.24363716,2724.39,15223.63363716
2025-11-03,12552.84930321,2724.39,15277.239303209999
2025-11-04,12545.95845948,2724.39,15270.34845948
2025-11-05,12548.87414434,2724.39,15273.264144339999
2025-11-06,12611.72891066,2724.39,15336.11891066
2025-11-07,12567.49257881,2724.39,15291.88257881
2025-11-10,12599.99647179,2724.39,15324.38647179
2025-11-11,12631.97439228,2724.39,15356.36439228
2025-11-12,12608.7432012,2724.39,15333.1332012
2025-11-13,12586.07971942,2724.39,15310.46971942
2025-11-14,12531.80360926,2724.39,15256.193609259999
2025-11-17,12570.15227419,2724.39,15294.54227419
2025-11-18,12603.13161359,2724.39,15327.52161359
2025-11-19,12570.08488721,2724.39,15294.474887209999
2025-11-20,12519.06950837,2724.39,15243.459508369999
2025-11-21,12396.81215625,2724.39,15121.20215625
2025-11-24,12390.32782361,2724.39,15114.717823609999
2025-11-25,12403.98370695,2724.39,15128.37370695
2025-11-26,12428.23709564,2724.39,15152.627095639999
2025-11-27,12433.17159526,2724.39,15157.56159526
2025-11-28,12433.34608699,2724.39,15157.736086989999
2025-12-01,12486.1667621,2724.39,15210.5567621
2025-12-02,12487.2737591,2724.39,15211.6637591
2025-12-03,12469.8955894,2724.39,15194.285589399999
2025-12-04,12476.16304027,2724.39,15200.553040269999
2025-12-05,12463.00715403,2724.39,15187.397154029999
2025-12-08,12544.66290886,2724.39,15269.05290886
2025-12-09,12585.50150923,2724.39,15309.89150923
2025-12-10,12586.75029684,2724.39,15311.14029684
2025-12-11,12570.22621848,2724.39,15294.61621848
2025-12-12,12523.69646071,2724.39,15248.08646071
2025-12-15,12554.99323207,2724.39,15279.38323207
2025-12-16,12610.4213562,2724.39,15334.8113562
2025-12-17,12597.74699017,2724.39,15322.13699017
2025-12-18,12554.33608103,2724.39,15278.72608103
2025-12-19,12576.16065098,2724.39,15300.55065098
2025-12-22,12634.36859867,2724.39,15358.75859867
2025-12-23,12712.01780307,2724.39,15436.40780307
2025-12-24,12755.96245962,2724.39,15480.352459619999
2025-12-25,12733.52376369,2724.39,15457.91376369
2025-12-26,12710.86234902,2724.39,15435.25234902
2025-12-29,12739.65468535,2724.39,15464.04468535
2025-12-30,12782.85296119,2724.39,15507.242961189999
2025-12-31,12687.96062622,2724.39,15412.350626219999
2026-01-05,12770.35784652,12582.47,25352.82784652
2026-01-06,12858.98834239,12681.21,25540.19834239
2026-01-07,12982.14640818,12807.7,25789.84640818
2026-01-08,13060.06162278,12887.61,25947.67162278
2026-01-09,13093.33101994,12921.53,26014.86101994
2026-01-12,13279.19906814,13191.52,26470.719068140002
2026-01-13,13312.69993389,13250.1,26562.79993389
2026-01-14,13395.30229868,13318.12,26713.42229868
2026-01-15,13487.08301293,13433.93,26921.01301293
2026-01-16,13617.65598205,13436.86,27054.51598205
2026-01-19,13606.63928801,13361.56,26968.19928801
2026-01-20,13527.75686018,13302.68,26830.43686018
2026-01-21,13628.61930351,13316.61,26945.22930351
2026-01-22,13651.43170716,13334.14,26985.57170716
2026-01-23,13654.16506544,13317.31,26971.475065439998
2026-01-26,13667.98503378,13323.04,26991.025033780003
2026-01-27,13655.40768782,13314.08,26969.48768782
2026-01-28,13790.75454676,13372.24,27162.994546759997
2026-01-29,13764.13497488,13368.79,27132.92497488
2026-01-30,13629.22122502,13269.53,26898.75122502
2026-02-02,13617.51136143,13221.94,26839.45136143
2026-02-03,13573.88113443,13236.63,26810.51113443
2026-02-04,13484.31797776,13187.19,26671.50797776
2026-02-05,13434.76557854,13119.17,26553.93557854
2026-02-06,13358.57650715,13025.26,26383.83650715
2026-02-09,13362.56730195,13025.25,26387.81730195
2026-02-10,13347.39401256,13003.09,26350.484012560002
2026-02-11,13259.46405377,12932.32,26191.78405377
2026-02-12,13304.47990665,12901.49,26205.96990665
2026-02-13,13006.67234815,12633.45,25640.12234815
2026-02-24,13168.86917013,12808.63,25977.49917013
2026-02-25,13308.32293401,12905.51,26213.832934010003
2026-02-26,13399.56696186,13014.39,26413.95696186
2026-02-27,13408.72565672,13023.82,26432.54565672
2026-03-02,13436.87049267,13041.46,26478.33049267
2026-03-03,13338.64385539,12914.91,26253.55385539
2026-03-04,13315.97450973,12855.1,26171.074509730002
2026-03-05,13344.00290251,12910.35,26254.35290251
2026-03-06,13312.27236116,12880.81,26193.08236116
2026-03-09,13332.76798688,12857.72,26190.487986879998
2026-03-10,13367.11949377,12920.65,26287.76949377
2026-03-11,13359.799742,12982.19,26341.989741999998
2026-03-12,13394.24529438,12980.16,26374.405294379998
2026-03-13,13351.65438835,12980.16,26331.81438835
